"plasticidade";"replications";"speciation";"extinction";"diversif";"traitevolution";"timesimulation"
0;0;0;0;0;0;0
0,1;1;0,5;0;0,5;0,33;299
0;0;0;0;0;0;0
0,1;1;0,25;0;0,25;0,16;297
0;0;0;0;0;0;0
0,1;1;0,17;0;0,17;0,11;295
0;0;0;0;0;0;0
0,1;1;1;0;1;0,08;293
0;0;0;0;0;0;0
0,1;1;0,9;0;0,9;0,06;291
0;0;0;0;0;0;0
0,1;1;0,75;0;0,75;0,05;289
0;0;0;0;0;0;0
0,1;1;0,64;0,07;0,57;0,05;287
0;0;0;0;0;0;0
0,1;1;0,56;0,06;0,5;0,04;285
0;0;0;0;0;0;0
0,1;1;0,56;0,06;0,5;0,04;283
0;0;0;0;0;0;0
0,1;1;0,6;0,05;0,55;0,03;281
0;0;0;0;0;0;0
0,1;1;0,59;0,05;0,54;0,03;279
0;0;0;0;0;0;0
0,1;1;0,54;0,04;0,5;0,03;277
0;0;0;0;0;0;0
0,1;1;0,5;0,04;0,46;0,02;275
0;0;0;0;0;0;0
0,1;1;0,46;0,04;0,42;0,02;273
0;0;0;0;0;0;0
0,1;1;0,43;0,03;0,4;0,02;271
0;0;0;0;0;0;0
0,1;1;0,44;0,03;0,41;0,02;269
0;0;0;0;0;0;0
0,1;1;0,47;0,03;0,44;0,02;267
0;0;0;0;0;0;0
0,1;1;0,56;0,03;0,53;0,02;265
0;0;0;0;0;0;0
0,1;1;0,61;0,03;0,58;0,02;263
0;0;0;0;0;0;0
0,1;1;0,58;0,03;0,55;0,02;261
0;0;0;0;0;0;0
0,1;1;0,55;0,02;0,53;0,02;259
0;0;0;0;0;0;0
0,1;1;0,52;0,02;0,5;0,01;257
0;0;0;0;0;0;0
0,1;1;0,54;0,02;0,52;0,01;255
0;0;0;0;0;0;0
0,1;1;0,54;0,08;0,46;0,01;253
0;0;0;0;0;0;0
0,1;1;0,54;0,08;0,46;0,01;251
0;0;0;0;0;0;0
0,1;1;0,54;0,08;0,46;0,01;249
0;0;0;0;0;0;0
0,1;1;0,96;0,07;0,89;0,01;247
0;0;0;0;0;0;0
0,1;1;0,95;0,07;0,88;0,01;245
0;0;0;0;0;0;0
0,1;1;0,95;0,07;0,88;0,01;243
0;0;0;0;0;0;0
0,1;1;0,93;0,07;0,86;0,01;241
0;0;0;0;0;0;0
0,1;1;0,95;0,08;0,87;0,01;239
0;0;0;0;0;0;0
0,1;1;0,92;0,08;0,84;0,01;237
0;0;0;0;0;0;0
0,1;1;0,91;0,12;0,79;0,01;235
0;0;0;0;0;0;0
0,1;1;1;0,12;0,88;0,01;233
0;0;0;0;0;0;0
0,1;1;1,04;0,14;0,9;0,01;231
0;0;0;0;0;0;0
0,1;1;1,06;0,14;0,92;0,01;229
0;0;0;0;0;0;0
0,1;1;1,14;0,14;1;0,01;227
0;0;0;0;0;0;0
0,1;1;1,11;0,13;0,98;0,01;225
0;0;0;0;0;0;0
0,1;1;1,08;0,13;0,95;0,01;223
0;0;0;0;0;0;0
0,1;1;1,07;0,12;0,95;0,01;221
0;0;0;0;0;0;0
0,1;1;1,07;0,12;0,95;0,01;219
0;0;0;0;0;0;0
0,1;1;1,26;0,12;1,14;0,01;217
0;0;0;0;0;0;0
0,1;1;1,44;0,12;1,32;0,01;215
0;0;0;0;0;0;0
0,1;1;1,47;0,11;1,36;0,01;213
0;0;0;0;0;0;0
0,1;1;1,48;0,11;1,37;0,01;211
0;0;0;0;0;0;0
0,1;1;1,5;0,11;1,39;0,01;209
0;0;0;0;0;0;0
0,1;1;1,54;0,11;1,43;0,01;207
0;0;0;0;0;0;0
0,1;1;1,64;0,11;1,53;0,01;205
0;0;0;0;0;0;0
0,1;1;1,67;0,27;1,4;0,01;203
0;0;0;0;0;0;0
0,1;1;1,72;0,33;1,39;0,01;201
0;0;0;0;0;0;0
0,1;1;1,78;0,33;1,45;0,01;199
0;0;0;0;0;0;0
0,1;1;2,62;0,34;2,28;0,01;197
0;0;0;0;0;0;0
0,1;1;2,7;0,35;2,35;0,01;195
0;0;0;0;0;0;0
0,1;1;2,94;0,35;2,59;0,01;193
0;0;0;0;0;0;0
0,1;1;2,96;0,35;2,61;0,01;191
0;0;0;0;0;0;0
0,1;1;2,97;0,35;2,62;0,01;189
0;0;0;0;0;0;0
0,1;1;2,96;0,34;2,62;0,01;187
0;0;0;0;0;0;0
0,1;1;3,1;0,36;2,74;0,01;185
0;0;0;0;0;0;0
0,1;1;3,24;0,37;2,87;0,01;183
0;0;0;0;0;0;0
0,1;1;3,36;0,38;2,98;0,01;181
0;0;0;0;0;0;0
0,1;1;3,42;0,49;2,93;0,01;179
0;0;0;0;0;0;0
0,1;1;3,58;0,48;3,1;0,01;177
0;0;0;0;0;0;0
0,1;1;3,56;0,48;3,08;0,01;175
0;0;0;0;0;0;0
0,1;1;3,52;0,48;3,04;0;173
0;0;0;0;0;0;0
0,1;1;3,47;0,48;2,99;0;171
0;0;0;0;0;0;0
0,1;1;3,48;0,47;3,01;0;169
0;0;0;0;0;0;0
0,1;1;3,54;0,48;3,06;0;167
0;0;0;0;0;0;0
0,1;1;3,97;0,47;3,5;0;165
0;0;0;0;0;0;0
0,1;1;4,11;0,48;3,63;0;163
0;0;0;0;0;0;0
0,1;1;4,17;0,49;3,68;0;161
0;0;0;0;0;0;0
0,1;1;4,26;0,52;3,74;0;159
0;0;0;0;0;0;0
0,1;1;4,4;0,53;3,87;0;157
0;0;0;0;0;0;0
0,1;1;4,6;0,62;3,98;0;155
0;0;0;0;0;0;0
0,1;1;4,76;0,72;4,04;0;153
0;0;0;0;0;0;0
0,1;1;5,01;1,21;3,8;0;151
0;0;0;0;0;0;0
0,1;1;5,25;1,49;3,76;0;149
0;0;0;0;0;0;0
0,1;1;5,48;1,6;3,88;0;147
0;0;0;0;0;0;0
0,1;1;6,04;1,78;4,26;0;145
0;0;0;0;0;0;0
0,1;1;6,51;1,93;4,58;0;143
0;0;0;0;0;0;0
0,1;1;6,61;1,94;4,67;0;141
0;0;0;0;0;0;0
0,1;1;6,65;1,97;4,68;0;139
0;0;0;0;0;0;0
0,1;1;6,8;1,99;4,81;0;137
0;0;0;0;0;0;0
0,1;1;7,27;2,04;5,23;0;135
0;0;0;0;0;0;0
0,1;1;7,96;2,08;5,88;0;133
0;0;0;0;0;0;0
0,1;1;8,82;2,07;6,75;0;131
0;0;0;0;0;0;0
0,1;1;9,6;2,13;7,47;0;129
0;0;0;0;0;0;0
0,1;1;10,39;2,16;8,23;0;127
0;0;0;0;0;0;0
0,1;1;11,28;2,19;9,09;0;125
0;0;0;0;0;0;0
0,1;1;12,17;2,17;10;0;123
0;0;0;0;0;0;0
0,1;1;13,18;2,17;11,01;0;121
0;0;0;0;0;0;0
0,1;1;14,99;2,16;12,83;0;119
0;0;0;0;0;0;0
0,1;1;17,19;2,19;15;0;117
0;0;0;0;0;0;0
0,1;1;20,7;2,21;18,49;0;115
0;0;0;0;0;0;0
0,1;1;23,95;2,29;21,66;0;113
0;0;0;0;0;0;0
0,1;1;26,93;2,36;24,57;0;111
0;0;0;0;0;0;0
0;0;0;0;0;0;0
0,2;1;0,5;0;0,5;0,33;299
0;0;0;0;0;0;0
0,2;1;0,25;0;0,25;0,16;297
0;0;0;0;0;0;0
0,2;1;0,17;0;0,17;0,11;295
0;0;0;0;0;0;0
0,2;1;1;0;1;0,08;293
0;0;0;0;0;0;0
0,2;1;0,9;0;0,9;0,06;291
0;0;0;0;0;0;0
0,2;1;0,75;0;0,75;0,05;289
0;0;0;0;0;0;0
0,2;1;0,64;0,07;0,57;0,05;287
0;0;0;0;0;0;0
0,2;1;0,62;0,06;0,56;0,04;285
0;0;0;0;0;0;0
0,2;1;0,56;0,06;0,5;0,04;283
0;0;0;0;0;0;0
0,2;1;0,6;0,1;0,5;0,03;281
0;0;0;0;0;0;0
0,2;1;0,59;0,09;0,5;0,03;279
0;0;0;0;0;0;0
0,2;1;0,54;0,08;0,46;0,03;277
0;0;0;0;0;0;0
0,2;1;0,5;0,08;0,42;0,02;275
0;0;0;0;0;0;0
0,2;1;0,46;0,07;0,39;0,02;273
0;0;0;0;0;0;0
0,2;1;0,47;0,07;0,4;0,02;271
0;0;0;0;0;0;0
0,2;1;0,47;0,06;0,41;0,02;269
0;0;0;0;0;0;0
0,2;1;0,53;0,06;0,47;0,02;267
0;0;0;0;0;0;0
0,2;1;0,56;0,06;0,5;0,02;265
0;0;0;0;0;0;0
0,2;1;0,58;0,05;0,53;0,02;263
0;0;0;0;0;0;0
0,2;1;0,55;0,05;0,5;0,02;261
0;0;0;0;0;0;0
0,2;1;0,55;0,05;0,5;0,02;259
0;0;0;0;0;0;0
0,2;1;0,52;0,05;0,47;0,01;257
0;0;0;0;0;0;0
0,2;1;0,5;0,04;0,46;0,01;255
0;0;0;0;0;0;0
0,2;1;0,5;0,12;0,38;0,01;253
0;0;0;0;0;0;0
0,2;1;0,5;0,12;0,38;0,01;251
0;0;0;0;0;0;0
0,2;1;0,5;0,12;0,38;0,01;249
0;0;0;0;0;0;0
0,2;1;0,81;0,11;0,7;0,01;247
0;0;0;0;0;0;0
0,2;1;0,8;0,11;0,69;0,01;245
0;0;0;0;0;0;0
0,2;1;0,81;0,1;0,71;0,01;243
0;0;0;0;0;0;0
0,2;1;0,83;0,1;0,73;0,01;241
0;0;0;0;0;0;0
0,2;1;0,81;0,1;0,71;0,01;239
0;0;0;0;0;0;0
0,2;1;0,78;0,09;0,69;0,01;237
0;0;0;0;0;0;0
0,2;1;0,77;0,12;0,65;0,01;235
0;0;0;0;0;0;0
0,2;1;0,78;0,15;0,63;0,01;233
0;0;0;0;0;0;0
0,2;1;0,89;0,17;0,72;0,01;231
0;0;0;0;0;0;0
0,2;1;0,89;0,17;0,72;0,01;229
0;0;0;0;0;0;0
0,2;1;0,93;0,16;0,77;0,01;227
0;0;0;0;0;0;0
0,2;1;0,91;0,16;0,75;0,01;225
0;0;0;0;0;0;0
0,2;1;0,88;0,15;0,73;0,01;223
0;0;0;0;0;0;0
0,2;1;0,88;0,15;0,73;0,01;221
0;0;0;0;0;0;0
0,2;1;0,87;0,15;0,72;0,01;219
0;0;0;0;0;0;0
0,2;1;0,98;0,14;0,84;0,01;217
0;0;0;0;0;0;0
0,2;1;1,1;0,14;0,96;0,01;215
0;0;0;0;0;0;0
0,2;1;1,15;0,14;1,01;0,01;213
0;0;0;0;0;0;0
0,2;1;1,14;0,13;1,01;0,01;211
0;0;0;0;0;0;0
0,2;1;1,15;0,13;1,02;0,01;209
0;0;0;0;0;0;0
0,2;1;1,2;0,13;1,07;0,01;207
0;0;0;0;0;0;0
0,2;1;1,22;0,12;1,1;0,01;205
0;0;0;0;0;0;0
0,2;1;1,29;0,21;1,08;0,01;203
0;0;0;0;0;0;0
0,2;1;1,4;0,25;1,15;0,01;201
0;0;0;0;0;0;0
0,2;1;1,4;0,27;1,13;0,01;199
0;0;0;0;0;0;0
0,2;1;2,1;0,31;1,79;0,01;197
0;0;0;0;0;0;0
0,2;1;2,13;0,3;1,83;0,01;195
0;0;0;0;0;0;0
0,2;1;2,39;0,3;2,09;0,01;193
0;0;0;0;0;0;0
0,2;1;2,35;0,3;2,05;0,01;191
0;0;0;0;0;0;0
0,2;1;2,35;0,29;2,06;0,01;189
0;0;0;0;0;0;0
0,2;1;2,36;0,29;2,07;0,01;187
0;0;0;0;0;0;0
0,2;1;2,41;0,35;2,06;0,01;185
0;0;0;0;0;0;0
0,2;1;2,59;0,37;2,22;0,01;183
0;0;0;0;0;0;0
0,2;1;2,79;0,38;2,41;0,01;181
0;0;0;0;0;0;0
0,2;1;2,93;0,48;2,45;0,01;179
0;0;0;0;0;0;0
0,2;1;3,09;0,48;2,61;0,01;177
0;0;0;0;0;0;0
0,2;1;3,06;0,47;2,59;0,01;175
0;0;0;0;0;0;0
0,2;1;3,02;0,46;2,56;0;173
0;0;0;0;0;0;0
0,2;1;2,97;0,46;2,51;0;171
0;0;0;0;0;0;0
0,2;1;2,95;0,45;2,5;0;169
0;0;0;0;0;0;0
0,2;1;2,98;0,45;2,53;0;167
0;0;0;0;0;0;0
0,2;1;3,41;0,45;2,96;0;165
0;0;0;0;0;0;0
0,2;1;3,49;0,48;3,01;0;163
0;0;0;0;0;0;0
0,2;1;3,51;0,55;2,96;0;161
0;0;0;0;0;0;0
0,2;1;3,54;0,56;2,98;0;159
0;0;0;0;0;0;0
0,2;1;3,6;0,58;3,02;0;157
0;0;0;0;0;0;0
0,2;1;3,78;0,59;3,19;0;155
0;0;0;0;0;0;0
0,2;1;3,93;0,67;3,26;0;153
0;0;0;0;0;0;0
0,2;1;4;1,11;2,89;0;151
0;0;0;0;0;0;0
0,2;1;4,03;1,31;2,72;0;149
0;0;0;0;0;0;0
0,2;1;4,21;1,36;2,85;0;147
0;0;0;0;0;0;0
0,2;1;4,69;1,4;3,29;0;145
0;0;0;0;0;0;0
0,2;1;5,27;1,46;3,81;0;143
0;0;0;0;0;0;0
0,2;1;5,51;1,45;4,06;0;141
0;0;0;0;0;0;0
0,2;1;5,5;1,46;4,04;0;139
0;0;0;0;0;0;0
0,2;1;5,51;1,47;4,04;0;137
0;0;0;0;0;0;0
0,2;1;5,63;1,52;4,11;0;135
0;0;0;0;0;0;0
0,2;1;6,16;1,57;4,59;0;133
0;0;0;0;0;0;0
0,2;1;6,88;1,57;5,31;0;131
0;0;0;0;0;0;0
0,2;1;7,49;1,63;5,86;0;129
0;0;0;0;0;0;0
0,2;1;7,85;1,66;6,19;0;127
0;0;0;0;0;0;0
0,2;1;8,3;1,65;6,65;0;125
0;0;0;0;0;0;0
0,2;1;8,51;1,65;6,86;0;123
0;0;0;0;0;0;0
0,2;1;8,7;1,64;7,06;0;121
0;0;0;0;0;0;0
0,2;1;9,01;1,63;7,38;0;119
0;0;0;0;0;0;0
0,2;1;9,49;1,62;7,87;0;117
0;0;0;0;0;0;0
0,2;1;10,39;1,61;8,78;0;115
0;0;0;0;0;0;0
0,2;1;11,65;1,63;10,02;0;113
0;0;0;0;0;0;0
0,2;1;13,36;1,73;11,63;0;111
0;0;0;0;0;0;0
0,2;1;15,74;1,87;13,87;0;109
0;0;0;0;0;0;0
0,2;1;18,86;1,95;16,91;0;107
0;0;0;0;0;0;0
0,2;1;22,4;2,05;20,35;0;105
0;0;0;0;0;0;0
0,2;1;26,87;2,28;24,59;0;103
0;0;0;0;0;0;0
0,3;1;0,5;0;0,5;0,33;299
0;0;0;0;0;0;0
0,3;1;0,25;0;0,25;0,16;297
0;0;0;0;0;0;0
0,3;1;0,17;0;0,17;0,11;295
0;0;0;0;0;0;0
0,3;1;1;0;1;0,08;293
0;0;0;0;0;0;0
0,3;1;0,9;0;0,9;0,06;291
0;0;0;0;0;0;0
0,3;1;0,75;0;0,75;0,05;289
0;0;0;0;0;0;0
0,3;1;0,64;0,07;0,57;0,05;287
0;0;0;0;0;0;0
0,3;1;0,56;0,06;0,5;0,04;285
0;0;0;0;0;0;0
0,3;1;0,56;0,06;0,5;0,04;283
0;0;0;0;0;0;0
0,3;1;0,55;0,05;0,5;0,03;281
0;0;0;0;0;0;0
0,3;1;0,55;0,05;0,5;0,03;279
0;0;0;0;0;0;0
0,3;1;0,5;0,04;0,46;0,03;277
0;0;0;0;0;0;0
0,3;1;0,46;0,04;0,42;0,02;275
0;0;0;0;0;0;0
0,3;1;0,46;0,04;0,42;0,02;273
0;0;0;0;0;0;0
0,3;1;0,43;0,03;0,4;0,02;271
0;0;0;0;0;0;0
0,3;1;0,44;0,03;0,41;0,02;269
0;0;0;0;0;0;0
0,3;1;0,5;0,03;0,47;0,02;267
0;0;0;0;0;0;0
0,3;1;0,5;0,03;0,47;0,02;265
0;0;0;0;0;0;0
0,3;1;0,58;0,03;0,55;0,02;263
0;0;0;0;0;0;0
0,3;1;0,55;0,03;0,52;0,02;261
0;0;0;0;0;0;0
0,3;1;0,52;0,02;0,5;0,02;259
0;0;0;0;0;0;0
0,3;1;0,5;0,02;0,48;0,01;257
0;0;0;0;0;0;0
0,3;1;0,5;0,02;0,48;0,01;255
0;0;0;0;0;0;0
0,3;1;0,5;0,1;0,4;0,01;253
0;0;0;0;0;0;0
0,3;1;0,52;0,1;0,42;0,01;251
0;0;0;0;0;0;0
0,3;1;0,56;0,12;0,44;0,01;249
0;0;0;0;0;0;0
0,3;1;0,91;0,11;0,8;0,01;247
0;0;0;0;0;0;0
0,3;1;0,89;0,11;0,78;0,01;245
0;0;0;0;0;0;0
0,3;1;0,95;0,1;0,85;0,01;243
0;0;0;0;0;0;0
0,3;1;0,93;0,1;0,83;0,01;241
0;0;0;0;0;0;0
0,3;1;0,98;0,1;0,88;0,01;239
0;0;0;0;0;0;0
0,3;1;0,97;0,11;0,86;0,01;237
0;0;0;0;0;0;0
0,3;1;0,95;0,14;0,81;0,01;235
0;0;0;0;0;0;0
0,3;1;1,04;0,13;0,91;0,01;233
0;0;0;0;0;0;0
0,3;1;1,1;0,14;0,96;0,01;231
0;0;0;0;0;0;0
0,3;1;1,15;0,14;1,01;0,01;229
0;0;0;0;0;0;0
0,3;1;1,26;0,14;1,12;0,01;227
0;0;0;0;0;0;0
0,3;1;1,22;0,13;1,09;0,01;225
0;0;0;0;0;0;0
0,3;1;1,19;0,13;1,06;0,01;223
0;0;0;0;0;0;0
0,3;1;1,16;0,12;1,04;0,01;221
0;0;0;0;0;0;0
0,3;1;1,16;0,12;1,04;0,01;219
0;0;0;0;0;0;0
0,3;1;1,39;0,12;1,27;0,01;217
0;0;0;0;0;0;0
0,3;1;1,51;0,12;1,39;0,01;215
0;0;0;0;0;0;0
0,3;1;1,57;0,11;1,46;0,01;213
0;0;0;0;0;0;0
0,3;1;1,59;0,12;1,47;0,01;211
0;0;0;0;0;0;0
0,3;1;1,61;0,12;1,49;0,01;209
0;0;0;0;0;0;0
0,3;1;1,64;0,12;1,52;0,01;207
0;0;0;0;0;0;0
0,3;1;1,7;0,12;1,58;0,01;205
0;0;0;0;0;0;0
0,3;1;1,67;0,22;1,45;0,01;203
0;0;0;0;0;0;0
0,3;1;1,75;0,27;1,48;0,01;201
0;0;0;0;0;0;0
0,3;1;1,75;0,31;1,44;0,01;199
0;0;0;0;0;0;0
0,3;1;2,44;0,33;2,11;0,01;197
0;0;0;0;0;0;0
0,3;1;2,53;0,36;2,17;0,01;195
0;0;0;0;0;0;0
0,3;1;2,87;0,35;2,52;0,01;193
0;0;0;0;0;0;0
0,3;1;2,85;0,35;2,5;0,01;191
0;0;0;0;0;0;0
0,3;1;2,87;0,35;2,52;0,01;189
0;0;0;0;0;0;0
0,3;1;2,88;0,35;2,53;0,01;187
0;0;0;0;0;0;0
0,3;1;2,96;0,38;2,58;0,01;185
0;0;0;0;0;0;0
0,3;1;3,04;0,37;2,67;0,01;183
0;0;0;0;0;0;0
0,3;1;3,19;0,38;2,81;0,01;181
0;0;0;0;0;0;0
0,3;1;3,33;0,43;2,9;0,01;179
0;0;0;0;0;0;0
0,3;1;3,49;0,44;3,05;0,01;177
0;0;0;0;0;0;0
0,3;1;3,48;0,44;3,04;0,01;175
0;0;0;0;0;0;0
0,3;1;3,47;0,44;3,03;0;173
0;0;0;0;0;0;0
0,3;1;3,44;0,43;3,01;0;171
0;0;0;0;0;0;0
0,3;1;3,41;0,43;2,98;0;169
0;0;0;0;0;0;0
0,3;1;3,45;0,44;3,01;0;167
0;0;0;0;0;0;0
0,3;1;3,76;0,46;3,3;0;165
0;0;0;0;0;0;0
0,3;1;3,78;0,46;3,32;0;163
0;0;0;0;0;0;0
0,3;1;3,89;0,49;3,4;0;161
0;0;0;0;0;0;0
0,3;1;3,92;0,54;3,38;0;159
0;0;0;0;0;0;0
0,3;1;4,02;0,57;3,45;0;157
0;0;0;0;0;0;0
0,3;1;4,07;0,62;3,45;0;155
0;0;0;0;0;0;0
0,3;1;4,14;0,67;3,47;0;153
0;0;0;0;0;0;0
0,3;1;4,21;1,09;3,12;0;151
0;0;0;0;0;0;0
0,3;1;4,26;1,24;3,02;0;149
0;0;0;0;0;0;0
0,3;1;4,4;1,31;3,09;0;147
0;0;0;0;0;0;0
0,3;1;4,79;1,41;3,38;0;145
0;0;0;0;0;0;0
0,3;1;5,42;1,47;3,95;0;143
0;0;0;0;0;0;0
0,3;1;5,54;1,49;4,05;0;141
0;0;0;0;0;0;0
0,3;1;5,54;1,48;4,06;0;139
0;0;0;0;0;0;0
0,3;1;5,68;1,47;4,21;0;137
0;0;0;0;0;0;0
0,3;1;5,89;1,49;4,4;0;135
0;0;0;0;0;0;0
0,3;1;6,29;1,51;4,78;0;133
0;0;0;0;0;0;0
0,3;1;6,68;1,53;5,15;0;131
0;0;0;0;0;0;0
0,3;1;7,05;1,56;5,49;0;129
0;0;0;0;0;0;0
0,3;1;7,34;1,59;5,75;0;127
0;0;0;0;0;0;0
0,3;1;7,72;1,61;6,11;0;125
0;0;0;0;0;0;0
0,3;1;7,94;1,6;6,34;0;123
0;0;0;0;0;0;0
0,3;1;8,11;1,61;6,5;0;121
0;0;0;0;0;0;0
0,3;1;8,27;1,61;6,66;0;119
0;0;0;0;0;0;0
0,3;1;8,39;1,6;6,79;0;117
0;0;0;0;0;0;0
0,3;1;8,73;1,61;7,12;0;115
0;0;0;0;0;0;0
0,3;1;9,14;1,62;7,52;0;113
0;0;0;0;0;0;0
0,3;1;9,41;1,64;7,77;0;111
0;0;0;0;0;0;0
0,3;1;9,7;1,74;7,96;0;109
0;0;0;0;0;0;0
0,3;1;9,93;1,8;8,13;0;107
0;0;0;0;0;0;0
0,3;1;10,22;1,87;8,35;0;105
0;0;0;0;0;0;0
0,3;1;10,57;1,95;8,62;0;103
0;0;0;0;0;0;0
0,3;1;11,09;2,48;8,61;0;101
0;0;0;0;0;0;0
0,3;1;11,57;2,97;8,6;0;99
0;0;0;0;0;0;0
0,3;1;12,01;3,28;8,73;0;97
0;0;0;0;0;0;0
0,3;1;13,02;3,47;9,55;0;95
0;0;0;0;0;0;0
0,3;1;14,61;3,65;10,96;0;93
0;0;0;0;0;0;0
0,3;1;16,4;3,74;12,66;0;91
0;0;0;0;0;0;0
0,3;1;17,66;3,82;13,84;0;89
0;0;0;0;0;0;0
0,3;1;19,24;3,95;15,29;0;87
0;0;0;0;0;0;0
0,3;1;21,26;4,12;17,14;0;85
0;0;0;0;0;0;0
0,3;1;24,24;4,32;19,92;0;83
0;0;0;0;0;0;0
0;0;0;0;0;0;0
0,4;1;0,5;0;0,5;0,33;299
0;0;0;0;0;0;0
0,4;1;0,25;0;0,25;0,16;297
0;0;0;0;0;0;0
0,4;1;0,17;0;0,17;0,11;295
0;0;0;0;0;0;0
0,4;1;1;0;1;0,08;293
0;0;0;0;0;0;0
0,4;1;0,9;0;0,9;0,06;291
0;0;0;0;0;0;0
0,4;1;0,75;0;0,75;0,05;289
0;0;0;0;0;0;0
0,4;1;0,64;0,07;0,57;0,05;287
0;0;0;0;0;0;0
0,4;1;0,56;0,06;0,5;0,04;285
0;0;0;0;0;0;0
0,4;1;0,56;0,06;0,5;0,04;283
0;0;0;0;0;0;0
0,4;1;0,6;0,1;0,5;0,03;281
0;0;0;0;0;0;0
0,4;1;0,59;0,09;0,5;0,03;279
0;0;0;0;0;0;0
0,4;1;0,54;0,08;0,46;0,03;277
0;0;0;0;0;0;0
0,4;1;0,5;0,08;0,42;0,02;275
0;0;0;0;0;0;0
0,4;1;0,46;0,07;0,39;0,02;273
0;0;0;0;0;0;0
0,4;1;0,43;0,07;0,36;0,02;271
0;0;0;0;0;0;0
0,4;1;0,47;0,06;0,41;0,02;269
0;0;0;0;0;0;0
0,4;1;0,53;0,06;0,47;0,02;267
0;0;0;0;0;0;0
0,4;1;0,56;0,06;0,5;0,02;265
0;0;0;0;0;0;0
0,4;1;0,58;0,05;0,53;0,02;263
0;0;0;0;0;0;0
0,4;1;0,55;0,05;0,5;0,02;261
0;0;0;0;0;0;0
0,4;1;0,52;0,05;0,47;0,02;259
0;0;0;0;0;0;0
0,4;1;0,57;0,05;0,52;0,01;257
0;0;0;0;0;0;0
0,4;1;0,54;0,04;0,5;0,01;255
0;0;0;0;0;0;0
0,4;1;0,52;0,1;0,42;0,01;253
0;0;0;0;0;0;0
0,4;1;0,54;0,1;0,44;0,01;251
0;0;0;0;0;0;0
0,4;1;0,6;0,1;0,5;0,01;249
0;0;0;0;0;0;0
0,4;1;0,91;0,09;0,82;0,01;247
0;0;0;0;0;0;0
0,4;1;0,91;0,09;0,82;0,01;245
0;0;0;0;0;0;0
0,4;1;0,95;0,09;0,86;0,01;243
0;0;0;0;0;0;0
0,4;1;0,95;0,08;0,87;0,01;241
0;0;0;0;0;0;0
0,4;1;0,94;0,08;0,86;0,01;239
0;0;0;0;0;0;0
0,4;1;0,92;0,09;0,83;0,01;237
0;0;0;0;0;0;0
0,4;1;0,95;0,12;0,83;0,01;235
0;0;0;0;0;0;0
0,4;1;0,99;0,12;0,87;0,01;233
0;0;0;0;0;0;0
0,4;1;1,09;0,13;0,96;0,01;231
0;0;0;0;0;0;0
0,4;1;1,11;0,14;0,97;0,01;229
0;0;0;0;0;0;0
0,4;1;1,18;0,14;1,04;0,01;227
0;0;0;0;0;0;0
0,4;1;1,14;0,13;1,01;0,01;225
0;0;0;0;0;0;0
0,4;1;1,12;0,13;0,99;0,01;223
0;0;0;0;0;0;0
0,4;1;1,09;0,12;0,97;0,01;221
0;0;0;0;0;0;0
0,4;1;1,07;0,12;0,95;0,01;219
0;0;0;0;0;0;0
0,4;1;1,2;0,12;1,08;0,01;217
0;0;0;0;0;0;0
0,4;1;1,3;0,12;1,18;0,01;215
0;0;0;0;0;0;0
0,4;1;1,32;0,12;1,2;0,01;213
0;0;0;0;0;0;0
0,4;1;1,33;0,13;1,2;0,01;211
0;0;0;0;0;0;0
0,4;1;1,34;0,13;1,21;0,01;209
0;0;0;0;0;0;0
0,4;1;1,31;0,16;1,15;0,01;207
0;0;0;0;0;0;0
0,4;1;1,31;0,16;1,15;0,01;205
0;0;0;0;0;0;0
0,4;1;1,32;0,22;1,1;0,01;203
0;0;0;0;0;0;0
0,4;1;1,37;0,23;1,14;0,01;201
0;0;0;0;0;0;0
0,4;1;1,39;0,25;1,14;0,01;199
0;0;0;0;0;0;0
0,4;1;1,8;0,25;1,55;0,01;197
0;0;0;0;0;0;0
0,4;1;1,86;0,26;1,6;0,01;195
0;0;0;0;0;0;0
0,4;1;2,13;0,26;1,87;0,01;193
0;0;0;0;0;0;0
0,4;1;2,09;0,25;1,84;0,01;191
0;0;0;0;0;0;0
0,4;1;2,09;0,25;1,84;0,01;189
0;0;0;0;0;0;0
0,4;1;2,09;0,25;1,84;0,01;187
0;0;0;0;0;0;0
0,4;1;2,25;0,26;1,99;0,01;185
0;0;0;0;0;0;0
0,4;1;2,37;0,26;2,11;0,01;183
0;0;0;0;0;0;0
0,4;1;2,56;0,28;2,28;0,01;181
0;0;0;0;0;0;0
0,4;1;2,58;0,31;2,27;0,01;179
0;0;0;0;0;0;0
0,4;1;2,73;0,31;2,42;0,01;177
0;0;0;0;0;0;0
0,4;1;2,81;0,32;2,49;0,01;175
0;0;0;0;0;0;0
0,4;1;2,78;0,31;2,47;0;173
0;0;0;0;0;0;0
0,4;1;2,78;0,32;2,46;0;171
0;0;0;0;0;0;0
0,4;1;2,85;0,31;2,54;0;169
0;0;0;0;0;0;0
0,4;1;2,97;0,34;2,63;0;167
0;0;0;0;0;0;0
0,4;1;3,32;0,35;2,97;0;165
0;0;0;0;0;0;0
0,4;1;3,41;0,38;3,03;0;163
0;0;0;0;0;0;0
0,4;1;3,48;0,42;3,06;0;161
0;0;0;0;0;0;0
0,4;1;3,58;0,48;3,1;0;159
0;0;0;0;0;0;0
0,4;1;3,73;0,51;3,22;0;157
0;0;0;0;0;0;0
0,4;1;3,95;0,54;3,41;0;155
0;0;0;0;0;0;0
0,4;1;4,3;0,57;3,73;0;153
0;0;0;0;0;0;0
0,4;1;5,09;1,03;4,06;0;151
0;0;0;0;0;0;0
0,4;1;5,53;1,12;4,41;0;149
0;0;0;0;0;0;0
0,4;1;6,06;1,19;4,87;0;147
0;0;0;0;0;0;0
0,4;1;6,92;1,24;5,68;0;145
0;0;0;0;0;0;0
0,4;1;8,41;1,27;7,14;0;143
0;0;0;0;0;0;0
0,4;1;10,27;1,34;8,93;0;141
0;0;0;0;0;0;0
0,4;1;12,35;1,51;10,84;0;139
0;0;0;0;0;0;0
0,4;1;14,35;1,75;12,6;0;137
0;0;0;0;0;0;0
0,4;1;16,58;2,04;14,54;0;135
0;0;0;0;0;0;0
0,4;1;19,27;2,5;16,77;0;133
0;0;0;0;0;0;0
0,4;1;21,72;3,14;18,58;0;131
0;0;0;0;0;0;0
0,4;1;24,22;4,16;20,06;0;129
0;0;0;0;0;0;0
0,4;1;26,1;5,09;21,01;0;127
0;0;0;0;0;0;0
0,4;1;28,07;6,05;22,02;0;125
0;0;0;0;0;0;0
0,4;1;30,17;7,07;23,1;0;123
0;0;0;0;0;0;0
0,4;1;32,91;7,77;25,14;0;121
0;0;0;0;0;0;0
0;0;0;0;0;0;0
0,5;1;0,5;0;0,5;0,33;299
0;0;0;0;0;0;0
0,5;1;0,25;0;0,25;0,16;297
0;0;0;0;0;0;0
0,5;1;0,17;0;0,17;0,11;295
0;0;0;0;0;0;0
0,5;1;1;0;1;0,08;293
0;0;0;0;0;0;0
0,5;1;0,9;0;0,9;0,06;291
0;0;0;0;0;0;0
0,5;1;0,75;0;0,75;0,05;289
0;0;0;0;0;0;0
0,5;1;0,64;0,07;0,57;0,05;287
0;0;0;0;0;0;0
0,5;1;0,56;0,06;0,5;0,04;285
0;0;0;0;0;0;0
0,5;1;0,56;0,06;0,5;0,04;283
0;0;0;0;0;0;0
0,5;1;0,6;0,1;0,5;0,03;281
0;0;0;0;0;0;0
0,5;1;0,59;0,09;0,5;0,03;279
0;0;0;0;0;0;0
0,5;1;0,54;0,08;0,46;0,03;277
0;0;0;0;0;0;0
0,5;1;0,5;0,08;0,42;0,02;275
0;0;0;0;0;0;0
0,5;1;0,5;0,07;0,43;0,02;273
0;0;0;0;0;0;0
0,5;1;0,5;0,07;0,43;0,02;271
0;0;0;0;0;0;0
0,5;1;0,53;0,06;0,47;0,02;269
0;0;0;0;0;0;0
0,5;1;0,59;0,06;0,53;0,02;267
0;0;0;0;0;0;0
0,5;1;0,64;0,06;0,58;0,02;265
0;0;0;0;0;0;0
0,5;1;0,63;0,05;0,58;0,02;263
0;0;0;0;0;0;0
0,5;1;0,62;0,05;0,57;0,02;261
0;0;0;0;0;0;0
0,5;1;0,6;0,05;0,55;0,02;259
0;0;0;0;0;0;0
0,5;1;0,59;0,05;0,54;0,01;257
0;0;0;0;0;0;0
0,5;1;0,59;0,04;0,55;0,01;255
0;0;0;0;0;0;0
0,5;1;0,62;0,15;0,47;0,01;253
0;0;0;0;0;0;0
0,5;1;0,6;0,14;0,46;0,01;251
0;0;0;0;0;0;0
0,5;1;0,62;0,13;0,49;0,01;249
0;0;0;0;0;0;0
0,5;1;0,98;0,13;0,85;0,01;247
0;0;0;0;0;0;0
0,5;1;1;0,12;0,88;0,01;245
0;0;0;0;0;0;0
0,5;1;1,03;0,12;0,91;0,01;243
0;0;0;0;0;0;0
0,5;1;1,02;0,12;0,9;0,01;241
0;0;0;0;0;0;0
0,5;1;1,02;0,11;0,91;0,01;239
0;0;0;0;0;0;0
0,5;1;0,98;0,11;0,87;0,01;237
0;0;0;0;0;0;0
0,5;1;1,05;0,14;0,91;0,01;235
0;0;0;0;0;0;0
0,5;1;1,12;0,13;0,99;0,01;233
0;0;0;0;0;0;0
0,5;1;1,17;0,14;1,03;0,01;231
0;0;0;0;0;0;0
0,5;1;1,14;0,15;0,99;0,01;229
0;0;0;0;0;0;0
0,5;1;1,22;0,15;1,07;0,01;227
0;0;0;0;0;0;0
0,5;1;1,18;0,14;1,04;0,01;225
0;0;0;0;0;0;0
0,5;1;1,15;0,15;1;0,01;223
0;0;0;0;0;0;0
0,5;1;1,14;0,15;0,99;0,01;221
0;0;0;0;0;0;0
0,5;1;1,12;0,15;0,97;0,01;219
0;0;0;0;0;0;0
0,5;1;1,3;0,14;1,16;0,01;217
0;0;0;0;0;0;0
0,5;1;1,4;0,14;1,26;0,01;215
0;0;0;0;0;0;0
0,5;1;1,38;0,14;1,24;0,01;213
0;0;0;0;0;0;0
0,5;1;1,39;0,13;1,26;0,01;211
0;0;0;0;0;0;0
0,5;1;1,42;0,13;1,29;0,01;209
0;0;0;0;0;0;0
0,5;1;1,43;0,13;1,3;0,01;207
0;0;0;0;0;0;0
0,5;1;1,41;0,14;1,27;0,01;205
0;0;0;0;0;0;0
0,5;1;1,4;0,23;1,17;0,01;203
0;0;0;0;0;0;0
0,5;1;1,44;0,27;1,17;0,01;201
0;0;0;0;0;0;0
0,5;1;1,43;0,29;1,14;0,01;199
0;0;0;0;0;0;0
0,5;1;1,84;0,3;1,54;0,01;197
0;0;0;0;0;0;0
0,5;1;1,91;0,32;1,59;0,01;195
0;0;0;0;0;0;0
0,5;1;2,11;0,31;1,8;0,01;193
0;0;0;0;0;0;0
0,5;1;2,1;0,31;1,79;0,01;191
0;0;0;0;0;0;0
0,5;1;2,08;0,3;1,78;0,01;189
0;0;0;0;0;0;0
0,5;1;2,11;0,3;1,81;0,01;187
0;0;0;0;0;0;0
0,5;1;2,19;0,32;1,87;0,01;185
0;0;0;0;0;0;0
0,5;1;2,29;0,32;1,97;0,01;183
0;0;0;0;0;0;0
0,5;1;2,49;0,32;2,17;0,01;181
0;0;0;0;0;0;0
0,5;1;2,61;0,34;2,27;0,01;179
0;0;0;0;0;0;0
0,5;1;2,82;0,35;2,47;0,01;177
0;0;0;0;0;0;0
0,5;1;2,93;0,37;2,56;0,01;175
0;0;0;0;0;0;0
0,5;1;3,02;0,36;2,66;0;173
0;0;0;0;0;0;0
0,5;1;3,22;0,36;2,86;0;171
0;0;0;0;0;0;0
0,5;1;3,45;0,36;3,09;0;169
0;0;0;0;0;0;0
0,5;1;3,75;0,36;3,39;0;167
0;0;0;0;0;0;0
0,5;1;4,29;0,38;3,91;0;165
0;0;0;0;0;0;0
0,5;1;4,57;0,42;4,15;0;163
0;0;0;0;0;0;0
0,5;1;5,06;0,44;4,62;0;161
0;0;0;0;0;0;0
0,5;1;5,77;0,48;5,29;0;159
0;0;0;0;0;0;0
0,5;1;6,75;0,55;6,2;0;157
0;0;0;0;0;0;0
0,5;1;8,03;0,6;7,43;0;155
0;0;0;0;0;0;0
0,5;1;9,59;0,73;8,86;0;153
0;0;0;0;0;0;0
0,5;1;10,61;2,37;8,24;0;151
0;0;0;0;0;0;0
0,5;1;11,22;2,85;8,37;0;149
0;0;0;0;0;0;0
0,5;1;11,94;3,26;8,68;0;147
0;0;0;0;0;0;0
0,5;1;12,94;3,69;9,25;0;145
0;0;0;0;0;0;0
0,5;1;13,85;4,16;9,69;0;143
0;0;0;0;0;0;0
0,5;1;14,66;4,8;9,86;0;141
0;0;0;0;0;0;0
0,5;1;15,11;5,62;9,49;0;139
0;0;0;0;0;0;0
0,5;1;15,49;6,57;8,92;0;137
0;0;0;0;0;0;0
0,5;1;15,75;7,22;8,53;0;135
0;0;0;0;0;0;0
0,5;1;15,9;7,83;8,07;0;133
0;0;0;0;0;0;0
0,5;1;16,14;8,34;7,8;0;131
0;0;0;0;0;0;0
0,5;1;16,32;8,81;7,51;0;129
0;0;0;0;0;0;0
0,5;1;16,44;9,14;7,3;0;127
0;0;0;0;0;0;0
0,5;1;16,79;9,27;7,52;0;125
0;0;0;0;0;0;0
0,5;1;17,03;9,39;7,64;0;123
0;0;0;0;0;0;0
0,5;1;17,43;9,49;7,94;0;121
0;0;0;0;0;0;0
0,5;1;17,97;9,55;8,42;0;119
0;0;0;0;0;0;0
0,5;1;18,65;9,68;8,97;0;117
0;0;0;0;0;0;0
0,5;1;19,53;9,96;9,57;0;115
0;0;0;0;0;0;0
0,5;1;20,43;10,27;10,16;0;113
0;0;0;0;0;0;0
0,5;1;21,26;10,63;10,63;0;111
0;0;0;0;0;0;0
0,5;1;22,05;10,95;11,1;0;109
0;0;0;0;0;0;0
0,5;1;23,07;11,45;11,62;0;107
0;0;0;0;0;0;0
0,5;1;23,95;12,25;11,7;0;105
0;0;0;0;0;0;0
0,5;1;24,67;13,11;11,56;0;103
0;0;0;0;0;0;0
0,5;1;25,25;15,74;9,51;0;101
0;0;0;0;0;0;0
0,5;1;25,49;16,71;8,78;0;99
0;0;0;0;0;0;0
0,5;1;25,78;17,15;8,63;0;97
0;0;0;0;0;0;0
0,5;1;26,11;17,6;8,51;0;95
0;0;0;0;0;0;0
0,5;1;26,72;18,17;8,55;0;93
0;0;0;0;0;0;0
0,5;1;27,23;18,8;8,43;0;91
0;0;0;0;0;0;0
0,5;1;27,49;19,23;8,26;0;89
0;0;0;0;0;0;0
0,5;1;27,82;19,93;7,89;0;87
0;0;0;0;0;0;0
0,5;1;27,96;20,52;7,44;0;85
0;0;0;0;0;0;0
0,5;1;28,04;20,95;7,09;0;83
0;0;0;0;0;0;0
0,5;1;28,12;21,33;6,79;0;81
0;0;0;0;0;0;0
0,5;1;28,23;21,59;6,64;0;79
0;0;0;0;0;0;0
0,5;1;28,28;21,87;6,41;0;77
0;0;0;0;0;0;0
0,5;1;28,45;22;6,45;0;75
0;0;0;0;0;0;0
0,5;1;28,64;22,03;6,61;0;73
0;0;0;0;0;0;0
0,5;1;28,93;21,97;6,96;0;71
0;0;0;0;0;0;0
0,5;1;29,27;21,97;7,3;0;69
0;0;0;0;0;0;0
0,5;1;29,82;22,01;7,81;0;67
0;0;0;0;0;0;0
0,5;1;30,44;22,08;8,36;0;65
0;0;0;0;0;0;0
0,5;1;31,11;22,24;8,87;0;63
0;0;0;0;0;0;0
0,5;1;31,91;22,49;9,42;0;61
0;0;0;0;0;0;0
0,5;1;32,72;22,74;9,98;0;59
0;0;0;0;0;0;0
0,5;1;33,54;23,16;10,38;0;57
0;0;0;0;0;0;0
0,5;1;34,38;23,76;10,62;0;55
0;0;0;0;0;0;0
0,5;1;35,16;24,48;10,68;0;53
0;0;0;0;0;0;0
0,5;1;35,89;25,24;10,65;0;51
0;0;0;0;0;0;0
0,5;1;36,09;27,85;8,24;0;49
0;0;0;0;0;0;0
0,5;1;36,24;28,36;7,88;0;47
0;0;0;0;0;0;0
0,5;1;36,49;28,68;7,81;0;45
0;0;0;0;0;0;0
0,5;1;36,86;28,96;7,9;0;43
0;0;0;0;0;0;0
0,5;1;37,43;29,35;8,08;0;41
0;0;0;0;0;0;0
0,5;1;37,83;29,77;8,06;0;39
0;0;0;0;0;0;0
0,5;1;38,05;30,29;7,76;0;37
0;0;0;0;0;0;0
0,5;1;38,26;30,83;7,43;0;35
0;0;0;0;0;0;0
0,5;1;38,39;31,31;7,08;0;33
0;0;0;0;0;0;0
0,5;1;38,44;31,67;6,77;0;31
0;0;0;0;0;0;0
0,5;1;38,53;31,98;6,55;0;29
0;0;0;0;0;0;0
0,5;1;38,62;32,27;6,34999999999999;0;27
0;0;0;0;0;0;0
0,5;1;38,67;32,42;6,25;0;25
0;0;0;0;0;0;0
0,5;1;38,85;32,47;6,38;0;23
0;0;0;0;0;0;0
0,5;1;38,92;32,48;6,44;0;21
0;0;0;0;0;0;0
0,5;1;39,17;32,49;6,68;0;19
0;0;0;0;0;0;0
0,5;1;39,5;32,54;6,96;0;17
0;0;0;0;0;0;0
0,5;1;39,99;32,67;7,32;0;15
0;0;0;0;0;0;0
0,5;1;40,58;32,76;7,82;0;13
0;0;0;0;0;0;0
0,5;1;41,09;32,89;8,2;0;11
0;0;0;0;0;0;0
0,5;1;41,62;33,1;8,52;0;9
0;0;0;0;0;0;0
0,5;1;42,2;33,4;8,8;0;7
0;0;0;0;0;0;0
0,5;1;42,85;33,88;8,97;0;5
0;0;0;0;0;0;0
0,5;1;43,52;34,41;9,11000000000001;0;3
0;0;0;0;0;0;0
0,5;1;44,12;34,97;9,15;0;1
0;0;0;0;0;0;0
0,6;1;0,5;0;0,5;0,33;299
0;0;0;0;0;0;0
0,6;1;0,25;0;0,25;0,16;297
0;0;0;0;0;0;0
0,6;1;0,17;0;0,17;0,11;295
0;0;0;0;0;0;0
0,6;1;1;0;1;0,08;293
0;0;0;0;0;0;0
0,6;1;0,9;0;0,9;0,06;291
0;0;0;0;0;0;0
0,6;1;0,75;0;0,75;0,05;289
0;0;0;0;0;0;0
0,6;1;0,64;0,07;0,57;0,05;287
0;0;0;0;0;0;0
0,6;1;0,56;0,06;0,5;0,04;285
0;0;0;0;0;0;0
0,6;1;0,56;0,06;0,5;0,04;283
0;0;0;0;0;0;0
0,6;1;0,6;0,1;0,5;0,03;281
0;0;0;0;0;0;0
0,6;1;0,59;0,09;0,5;0,03;279
0;0;0;0;0;0;0
0,6;1;0,54;0,08;0,46;0,03;277
0;0;0;0;0;0;0
0,6;1;0,5;0,08;0,42;0,02;275
0;0;0;0;0;0;0
0,6;1;0,46;0,07;0,39;0,02;273
0;0;0;0;0;0;0
0,6;1;0,47;0,07;0,4;0,02;271
0;0;0;0;0;0;0
0,6;1;0,5;0,06;0,44;0,02;269
0;0;0;0;0;0;0
0,6;1;0,59;0,06;0,53;0,02;267
0;0;0;0;0;0;0
0,6;1;0,61;0,06;0,55;0,02;265
0;0;0;0;0;0;0
0,6;1;0,61;0,05;0,56;0,02;263
0;0;0;0;0;0;0
0,6;1;0,58;0,05;0,53;0,02;261
0;0;0;0;0;0;0
0,6;1;0,57;0,05;0,52;0,02;259
0;0;0;0;0;0;0
0,6;1;0,57;0,05;0,52;0,01;257
0;0;0;0;0;0;0
0,6;1;0,61;0,04;0,57;0,01;255
0;0;0;0;0;0;0
0,6;1;0,65;0,15;0,5;0,01;253
0;0;0;0;0;0;0
0,6;1;0,66;0,16;0,5;0,01;251
0;0;0;0;0;0;0
0,6;1;0,65;0,15;0,5;0,01;249
0;0;0;0;0;0;0
0,6;1;0,98;0,17;0,81;0,01;247
0;0;0;0;0;0;0
0,6;1;1;0,16;0,84;0,01;245
0;0;0;0;0;0;0
0,6;1;1,03;0,16;0,87;0,01;243
0;0;0;0;0;0;0
0,6;1;1,07;0,17;0,9;0,01;241
0;0;0;0;0;0;0
0,6;1;1,06;0,16;0,9;0,01;239
0;0;0;0;0;0;0
0,6;1;1,05;0,16;0,89;0,01;237
0;0;0;0;0;0;0
0,6;1;1,06;0,17;0,89;0,01;235
0;0;0;0;0;0;0
0,6;1;1,21;0,16;1,05;0,01;233
0;0;0;0;0;0;0
0,6;1;1,24;0,19;1,05;0,01;231
0;0;0;0;0;0;0
0,6;1;1,21;0,18;1,03;0,01;229
0;0;0;0;0;0;0
0,6;1;1,26;0,18;1,08;0,01;227
0;0;0;0;0;0;0
0,6;1;1,22;0,17;1,05;0,01;225
0;0;0;0;0;0;0
0,6;1;1,19;0,17;1,02;0,01;223
0;0;0;0;0;0;0
0,6;1;1,16;0,16;1;0,01;221
0;0;0;0;0;0;0
0,6;1;1,17;0,16;1,01;0,01;219
0;0;0;0;0;0;0
0,6;1;1,29;0,17;1,12;0,01;217
0;0;0;0;0;0;0
0,6;1;1,42;0,17;1,25;0,01;215
0;0;0;0;0;0;0
0,6;1;1,43;0,18;1,25;0,01;213
0;0;0;0;0;0;0
0,6;1;1,43;0,21;1,22;0,01;211
0;0;0;0;0;0;0
0,6;1;1,41;0,23;1,18;0,01;209
0;0;0;0;0;0;0
0,6;1;1,41;0,23;1,18;0,01;207
0;0;0;0;0;0;0
0,6;1;1,42;0,23;1,19;0,01;205
0;0;0;0;0;0;0
0,6;1;1,41;0,32;1,09;0,01;203
0;0;0;0;0;0;0
0,6;1;1,44;0,34;1,1;0,01;201
0;0;0;0;0;0;0
0,6;1;1,45;0,36;1,09;0,01;199
0;0;0;0;0;0;0
0,6;1;1,88;0,37;1,51;0,01;197
0;0;0;0;0;0;0
0,6;1;2;0,38;1,62;0,01;195
0;0;0;0;0;0;0
0,6;1;2,17;0,37;1,8;0,01;193
0;0;0;0;0;0;0
0,6;1;2,16;0,36;1,8;0,01;191
0;0;0;0;0;0;0
0,6;1;2,19;0,37;1,82;0,01;189
0;0;0;0;0;0;0
0,6;1;2,19;0,36;1,83;0,01;187
0;0;0;0;0;0;0
0,6;1;2,29;0,37;1,92;0,01;185
0;0;0;0;0;0;0
0,6;1;2,44;0,36;2,08;0,01;183
0;0;0;0;0;0;0
0,6;1;2,58;0,38;2,2;0,01;181
0;0;0;0;0;0;0
0,6;1;2,7;0,4;2,3;0,01;179
0;0;0;0;0;0;0
0,6;1;2,94;0,4;2,54;0,01;177
0;0;0;0;0;0;0
0,6;1;3,08;0,39;2,69;0,01;175
0;0;0;0;0;0;0
0,6;1;3,26;0,38;2,88;0,01;173
0;0;0;0;0;0;0
0,6;1;3,42;0,4;3,02;0;171
0;0;0;0;0;0;0
0,6;1;3,72;0,39;3,33;0;169
0;0;0;0;0;0;0
0,6;1;4,06;0,43;3,63;0;167
0;0;0;0;0;0;0
0,6;1;4,71;0,45;4,26;0;165
0;0;0;0;0;0;0
0,6;1;4,92;0,49;4,43;0;163
0;0;0;0;0;0;0
0,6;1;5,36;0,5;4,86;0;161
0;0;0;0;0;0;0
0,6;1;5,96;0,55;5,41;0;159
0;0;0;0;0;0;0
0,6;1;7;0,62;6,38;0;157
0;0;0;0;0;0;0
0,6;1;8,42;0,7;7,72;0;155
0;0;0;0;0;0;0
0,6;1;9,96;0,82;9,14;0;153
0;0;0;0;0;0;0
0,6;1;10,95;2,53;8,42;0;151
0;0;0;0;0;0;0
0,6;1;11,51;3;8,51;0;149
0;0;0;0;0;0;0
0,6;1;12,21;3,47;8,74;0;147
0;0;0;0;0;0;0
0,6;1;13,24;3,87;9,37;0;145
0;0;0;0;0;0;0
0,6;1;14,35;4,43;9,92;0;143
0;0;0;0;0;0;0
0,6;1;15,03;5,07;9,96;0;141
0;0;0;0;0;0;0
0,6;1;15,52;5,81;9,71;0;139
0;0;0;0;0;0;0
0,6;1;15,96;6,7;9,26;0;137
0;0;0;0;0;0;0
0,6;1;16,19;7,42;8,77;0;135
0;0;0;0;0;0;0
0,6;1;16,44;8,19;8,25;0;133
0;0;0;0;0;0;0
0,6;1;16,64;8,67;7,97;0;131
0;0;0;0;0;0;0
0,6;1;16,84;9,19;7,65;0;129
0;0;0;0;0;0;0
0,6;1;17,06;9,48;7,58;0;127
0;0;0;0;0;0;0
0,6;1;17,36;9,72;7,64;0;125
0;0;0;0;0;0;0
0,6;1;17,71;9,83;7,88;0;123
0;0;0;0;0;0;0
0,6;1;18,03;9,96;8,07;0;121
0;0;0;0;0;0;0
0,6;1;18,73;10,05;8,68;0;119
0;0;0;0;0;0;0
0,6;1;19,4;10,25;9,15;0;117
0;0;0;0;0;0;0
0,6;1;20,15;10,58;9,57;0;115
0;0;0;0;0;0;0
0,6;1;21;10,81;10,19;0;113
0;0;0;0;0;0;0
0,6;1;21,79;11,16;10,63;0;111
0;0;0;0;0;0;0
0,6;1;22,69;11,52;11,17;0;109
0;0;0;0;0;0;0
0,6;1;23,71;12,08;11,63;0;107
0;0;0;0;0;0;0
0,6;1;24,72;12,96;11,76;0;105
0;0;0;0;0;0;0
0,6;1;25,38;13,72;11,66;0;103
0;0;0;0;0;0;0
0,6;1;25,91;16,2;9,71;0;101
0;0;0;0;0;0;0
0,6;1;26,08;17,26;8,82;0;99
0;0;0;0;0;0;0
0,6;1;26,28;17,68;8,6;0;97
0;0;0;0;0;0;0
0,6;1;26,68;18,25;8,43;0;95
0;0;0;0;0;0;0
0,6;1;27,25;18,75;8,5;0;93
0;0;0;0;0;0;0
0,6;1;27,84;19,21;8,63;0;91
0;0;0;0;0;0;0
0,6;1;28,22;19,59;8,63;0;89
0;0;0;0;0;0;0
0,6;1;28,63;20,24;8,39;0;87
0;0;0;0;0;0;0
0,6;1;28,81;20,85;7,96;0;85
0;0;0;0;0;0;0
0,6;1;28,94;21,34;7,6;0;83
0;0;0;0;0;0;0
0,6;1;29,09;21,66;7,43;0;81
0;0;0;0;0;0;0
0,6;1;29,25;22,04;7,21;0;79
0;0;0;0;0;0;0
0,6;1;29,44;22,22;7,22;0;77
0;0;0;0;0;0;0
0,6;1;29,65;22,42;7,23;0;75
0;0;0;0;0;0;0
0,6;1;29,75;22,46;7,29;0;73
0;0;0;0;0;0;0
0,6;1;30,02;22,47;7,55;0;71
0;0;0;0;0;0;0
0,6;1;30,44;22,52;7,92;0;69
0;0;0;0;0;0;0
0,6;1;31,07;22,64;8,43;0;67
0;0;0;0;0;0;0
0,6;1;31,79;22,83;8,96;0;65
0;0;0;0;0;0;0
0,6;1;32,63;23,03;9,6;0;63
0;0;0;0;0;0;0
0,6;1;33,32;23,32;10;0;61
0;0;0;0;0;0;0
0,6;1;33,96;23,65;10,31;0;59
0;0;0;0;0;0;0
0,6;1;34,8;24,14;10,66;0;57
0;0;0;0;0;0;0
0,6;1;35,66;24,72;10,94;0;55
0;0;0;0;0;0;0
0,6;1;36,52;25,41;11,11;0;53
0;0;0;0;0;0;0
0,6;1;37,18;26,3;10,88;0;51
0;0;0;0;0;0;0
0,6;1;37,36;29,04;8,32;0;49
0;0;0;0;0;0;0
0,6;1;37,46;29,45;8,01;0;47
0;0;0;0;0;0;0
0,6;1;37,67;29,79;7,88;0;45
0;0;0;0;0;0;0
0,6;1;38,04;30,2;7,84;0;43
0;0;0;0;0;0;0
0,6;1;38,48;30,5;7,98;0;41
0;0;0;0;0;0;0
0,6;1;38,88;30,93;7,95;0;39
0;0;0;0;0;0;0
0,6;1;39,1;31,38;7,72;0;37
0;0;0;0;0;0;0
0,6;1;39,26;31,97;7,29;0;35
0;0;0;0;0;0;0
0,6;1;39,35;32,38;6,97;0;33
0;0;0;0;0;0;0
0,6;1;39,46;32,81;6,65;0;31
0;0;0;0;0;0;0
0,6;1;39,53;33,09;6,44;0;29
0;0;0;0;0;0;0
0,6;1;39,56;33,37;6,19;0;27
0;0;0;0;0;0;0
0,6;1;39,58;33,48;6,1;0;25
0;0;0;0;0;0;0
0,6;1;39,74;33,53;6,21;0;23
0;0;0;0;0;0;0
0,6;1;39,91;33,53;6,38;0;21
0;0;0;0;0;0;0
0,6;1;40,16;33,52;6,63999999999999;0;19
0;0;0;0;0;0;0
0,6;1;40,49;33,56;6,93;0;17
0;0;0;0;0;0;0
0,6;1;40,93;33,63;7,3;0;15
0;0;0;0;0;0;0
0,6;1;41,47;33,81;7,66;0;13
0;0;0;0;0;0;0
0,6;1;42,09;33,96;8,13;0;11
0;0;0;0;0;0;0
0,6;1;42,53;34,16;8,37;0;9
0;0;0;0;0;0;0
0,6;1;43,18;34,41;8,77;0;7
0;0;0;0;0;0;0
0,6;1;43,8;34,78;9,02;0;5
0;0;0;0;0;0;0
0,6;1;44,46;35,28;9,18;0;3
0;0;0;0;0;0;0
0,6;1;45,02;35,88;9,14;0;1
0;0;0;0;0;0;0
0,7;1;0,5;0;0,5;0,33;299
0;0;0;0;0;0;0
0,7;1;0,25;0;0,25;0,16;297
0;0;0;0;0;0;0
0,7;1;0,17;0;0,17;0,11;295
0;0;0;0;0;0;0
0,7;1;1;0;1;0,08;293
0;0;0;0;0;0;0
0,7;1;0,9;0;0,9;0,06;291
0;0;0;0;0;0;0
0,7;1;0,75;0;0,75;0,05;289
0;0;0;0;0;0;0
0,7;1;0,64;0,07;0,57;0,05;287
0;0;0;0;0;0;0
0,7;1;0,56;0,06;0,5;0,04;285
0;0;0;0;0;0;0
0,7;1;0,56;0,06;0,5;0,04;283
0;0;0;0;0;0;0
0,7;1;0,55;0,1;0,45;0,03;281
0;0;0;0;0;0;0
0,7;1;0,59;0,09;0,5;0,03;279
0;0;0;0;0;0;0
0,7;1;0,54;0,08;0,46;0,03;277
0;0;0;0;0;0;0
0,7;1;0,5;0,08;0,42;0,02;275
0;0;0;0;0;0;0
0,7;1;0,5;0,07;0,43;0,02;273
0;0;0;0;0;0;0
0,7;1;0,5;0,07;0,43;0,02;271
0;0;0;0;0;0;0
0,7;1;0,5;0,06;0,44;0,02;269
0;0;0;0;0;0;0
0,7;1;0,53;0,06;0,47;0,02;267
0;0;0;0;0;0;0
0,7;1;0,56;0,06;0,5;0,02;265
0;0;0;0;0;0;0
0,7;1;0,55;0,05;0,5;0,02;263
0;0;0;0;0;0;0
0,7;1;0,55;0,05;0,5;0,02;261
0;0;0;0;0;0;0
0,7;1;0,55;0,05;0,5;0,02;259
0;0;0;0;0;0;0
0,7;1;0,52;0,05;0,47;0,01;257
0;0;0;0;0;0;0
0,7;1;0,5;0,04;0,46;0,01;255
0;0;0;0;0;0;0
0,7;1;0,54;0,1;0,44;0,01;253
0;0;0;0;0;0;0
0,7;1;0,56;0,1;0,46;0,01;251
0;0;0;0;0;0;0
0,7;1;0,54;0,12;0,42;0,01;249
0;0;0;0;0;0;0
0,7;1;0,87;0,11;0,76;0,01;247
0;0;0;0;0;0;0
0,7;1;0,86;0,11;0,75;0,01;245
0;0;0;0;0;0;0
0,7;1;0,83;0,1;0,73;0,01;243
0;0;0;0;0;0;0
0,7;1;0,83;0,1;0,73;0,01;241
0;0;0;0;0;0;0
0,7;1;0,82;0,1;0,72;0,01;239
0;0;0;0;0;0;0
0,7;1;0,81;0,09;0,72;0,01;237
0;0;0;0;0;0;0
0,7;1;0,82;0,12;0,7;0,01;235
0;0;0;0;0;0;0
0,7;1;0,82;0,12;0,7;0,01;233
0;0;0;0;0;0;0
0,7;1;0,87;0,13;0,74;0,01;231
0;0;0;0;0;0;0
0,7;1;0,89;0,12;0,77;0,01;229
0;0;0;0;0;0;0
0,7;1;0,95;0,12;0,83;0,01;227
0;0;0;0;0;0;0
0,7;1;0,92;0,12;0,8;0,01;225
0;0;0;0;0;0;0
0,7;1;0,9;0,12;0,78;0,01;223
0;0;0;0;0;0;0
0,7;1;0,89;0,11;0,78;0,01;221
0;0;0;0;0;0;0
0,7;1;0,88;0,11;0,77;0,01;219
0;0;0;0;0;0;0
0,7;1;1,01;0,11;0,9;0,01;217
0;0;0;0;0;0;0
0,7;1;1,09;0,13;0,96;0,01;215
0;0;0;0;0;0;0
0,7;1;1,1;0,14;0,96;0,01;213
0;0;0;0;0;0;0
0,7;1;1,16;0,13;1,03;0,01;211
0;0;0;0;0;0;0
0,7;1;1,14;0,15;0,99;0,01;209
0;0;0;0;0;0;0
0,7;1;1,14;0,15;0,99;0,01;207
0;0;0;0;0;0;0
0,7;1;1,15;0,16;0,99;0,01;205
0;0;0;0;0;0;0
0,7;1;1,12;0,2;0,92;0,01;203
0;0;0;0;0;0;0
0,7;1;1,13;0,22;0,91;0,01;201
0;0;0;0;0;0;0
0,7;1;1,14;0,24;0,9;0,01;199
0;0;0;0;0;0;0
0,7;1;1,52;0,24;1,28;0,01;197
0;0;0;0;0;0;0
0,7;1;1,59;0,24;1,35;0,01;195
0;0;0;0;0;0;0
0,7;1;1,76;0,24;1,52;0,01;193
0;0;0;0;0;0;0
0,7;1;1,73;0,24;1,49;0,01;191
0;0;0;0;0;0;0
0,7;1;1,72;0,23;1,49;0,01;189
0;0;0;0;0;0;0
0,7;1;1,7;0,23;1,47;0,01;187
0;0;0;0;0;0;0
0,7;1;1,75;0,25;1,5;0,01;185
0;0;0;0;0;0;0
0,7;1;1,84;0,25;1,59;0,01;183
0;0;0;0;0;0;0
0,7;1;1,89;0,24;1,65;0,01;181
0;0;0;0;0;0;0
0,7;1;1,9;0,27;1,63;0,01;179
0;0;0;0;0;0;0
0,7;1;2,1;0,28;1,82;0,01;177
0;0;0;0;0;0;0
0,7;1;2,13;0,29;1,84;0,01;175
0;0;0;0;0;0;0
0,7;1;2,13;0,28;1,85;0;173
0;0;0;0;0;0;0
0,7;1;2,17;0,28;1,89;0;171
0;0;0;0;0;0;0
0,7;1;2,27;0,29;1,98;0;169
0;0;0;0;0;0;0
0,7;1;2,37;0,29;2,08;0;167
0;0;0;0;0;0;0
0,7;1;2,74;0,32;2,42;0;165
0;0;0;0;0;0;0
0,7;1;2,75;0,35;2,4;0;163
0;0;0;0;0;0;0
0,7;1;2,81;0,36;2,45;0;161
0;0;0;0;0;0;0
0,7;1;2,84;0,39;2,45;0;159
0;0;0;0;0;0;0
0,7;1;2,91;0,42;2,49;0;157
0;0;0;0;0;0;0
0,7;1;3,01;0,43;2,58;0;155
0;0;0;0;0;0;0
0,7;1;3,2;0,45;2,75;0;153
0;0;0;0;0;0;0
0,7;1;3,85;0,75;3,1;0;151
0;0;0;0;0;0;0
0,7;1;4,21;0,83;3,38;0;149
0;0;0;0;0;0;0
0,7;1;4,76;0,92;3,84;0;147
0;0;0;0;0;0;0
0,7;1;5,49;0,96;4,53;0;145
0;0;0;0;0;0;0
0,7;1;6,4;1;5,4;0;143
0;0;0;0;0;0;0
0,7;1;7,15;1,11;6,04;0;141
0;0;0;0;0;0;0
0,7;1;7,78;1,28;6,5;0;139
0;0;0;0;0;0;0
0,7;1;8,22;1,53;6,69;0;137
0;0;0;0;0;0;0
0,7;1;8,73;1,87;6,86;0;135
0;0;0;0;0;0;0
0,7;1;9,08;2,22;6,86;0;133
0;0;0;0;0;0;0
0,7;1;9,34;2,52;6,82;0;131
0;0;0;0;0;0;0
0,7;1;9,56;2,88;6,68;0;129
0;0;0;0;0;0;0
0,7;1;9,84;3,07;6,77;0;127
0;0;0;0;0;0;0
0,7;1;10,25;3,24;7,01;0;125
0;0;0;0;0;0;0
0,7;1;10,62;3,4;7,22;0;123
0;0;0;0;0;0;0
0,7;1;11,06;3,55;7,51;0;121
0;0;0;0;0;0;0
0,7;1;11,65;3,63;8,02;0;119
0;0;0;0;0;0;0
0,7;1;12,48;3,83;8,65;0;117
0;0;0;0;0;0;0
0,7;1;13,49;4,08;9,41;0;115
0;0;0;0;0;0;0
0,7;1;14,38;4,39;9,99;0;113
0;0;0;0;0;0;0
0,7;1;15,29;4,83;10,46;0;111
0;0;0;0;0;0;0
0,7;1;16,2;5,21;10,99;0;109
0;0;0;0;0;0;0
0,7;1;17,26;5,81;11,45;0;107
0;0;0;0;0;0;0
0,7;1;18,21;6,73;11,48;0;105
0;0;0;0;0;0;0
0,7;1;19,02;7,67;11,35;0;103
0;0;0;0;0;0;0
0,7;1;19,59;10,38;9,21;0;101
0;0;0;0;0;0;0
0,7;1;19,74;11,4;8,34;0;99
0;0;0;0;0;0;0
0,7;1;20,02;11,88;8,14;0;97
0;0;0;0;0;0;0
0,7;1;20,59;12,36;8,23;0;95
0;0;0;0;0;0;0
0,7;1;21,3;12,83;8,47;0;93
0;0;0;0;0;0;0
0,7;1;21,89;13,48;8,41;0;91
0;0;0;0;0;0;0
0,7;1;22,28;14,06;8,22;0;89
0;0;0;0;0;0;0
0,7;1;22,67;14,79;7,88;0;87
0;0;0;0;0;0;0
0,7;1;22,95;15,41;7,54;0;85
0;0;0;0;0;0;0
0,7;1;23,1;16;7,1;0;83
0;0;0;0;0;0;0
0,7;1;23,23;16,36;6,87;0;81
0;0;0;0;0;0;0
0,7;1;23,33;16,64;6,69;0;79
0;0;0;0;0;0;0
0,7;1;23,48;16,88;6,6;0;77
0;0;0;0;0;0;0
0,7;1;23,83;17,09;6,74;0;75
0;0;0;0;0;0;0
0,7;1;24,05;17,16;6,89;0;73
0;0;0;0;0;0;0
0,7;1;24,4;17,21;7,19;0;71
0;0;0;0;0;0;0
0,7;1;24,77;17,26;7,51;0;69
0;0;0;0;0;0;0
0,7;1;25,41;17,34;8,07;0;67
0;0;0;0;0;0;0
0,7;1;26,24;17,49;8,75;0;65
0;0;0;0;0;0;0
0,7;1;27,03;17,72;9,31;0;63
0;0;0;0;0;0;0
0,7;1;27,75;17,95;9,8;0;61
0;0;0;0;0;0;0
0,7;1;28,55;18,28;10,27;0;59
0;0;0;0;0;0;0
0,7;1;29,49;18,68;10,81;0;57
0;0;0;0;0;0;0
0,7;1;30,47;19,31;11,16;0;55
0;0;0;0;0;0;0
0,7;1;31,11;20,24;10,87;0;53
0;0;0;0;0;0;0
0,7;1;31,85;21,12;10,73;0;51
0;0;0;0;0;0;0
0,7;1;32,08;23,66;8,42;0;49
0;0;0;0;0;0;0
0,7;1;32,26;24,2;8,06;0;47
0;0;0;0;0;0;0
0,7;1;32,46;24,62;7,84;0;45
0;0;0;0;0;0;0
0,7;1;32,99;25,02;7,97;0;43
0;0;0;0;0;0;0
0,7;1;33,54;25,35;8,19;0;41
0;0;0;0;0;0;0
0,7;1;33,94;25,81;8,13;0;39
0;0;0;0;0;0;0
0,7;1;34,28;26,39;7,89;0;37
0;0;0;0;0;0;0
0,7;1;34,48;26,97;7,51;0;35
0;0;0;0;0;0;0
0,7;1;34,56;27,45;7,11;0;33
0;0;0;0;0;0;0
0,7;1;34,59;27,89;6,7;0;31
0;0;0;0;0;0;0
0,7;1;34,7;28,18;6,52;0;29
0;0;0;0;0;0;0
0,7;1;34,81;28,44;6,37;0;27
0;0;0;0;0;0;0
0,7;1;34,96;28,67;6,29;0;25
0;0;0;0;0;0;0
0,7;1;35,1;28,8;6,3;0;23
0;0;0;0;0;0;0
0,7;1;35,27;28,86;6,41;0;21
0;0;0;0;0;0;0
0,7;1;35,56;28,86;6,7;0;19
0;0;0;0;0;0;0
0,7;1;35,99;28,95;7,04;0;17
0;0;0;0;0;0;0
0,7;1;36,47;29,06;7,41;0;15
0;0;0;0;0;0;0
0,7;1;37,01;29,26;7,75;0;13
0;0;0;0;0;0;0
0,7;1;37,6;29,44;8,16;0;11
0;0;0;0;0;0;0
0,7;1;38,2;29,63;8,57;0;9
0;0;0;0;0;0;0
0,7;1;38,83;29,89;8,94;0;7
0;0;0;0;0;0;0
0,7;1;39,57;30,35;9,22;0;5
0;0;0;0;0;0;0
0,7;1;40,13;30,92;9,21;0;3
0;0;0;0;0;0;0
0,7;1;40,7;31,56;9,14;0;1
0;0;0;0;0;0;0
0,8;1;0,5;0;0,5;0,33;299
0;0;0;0;0;0;0
0,8;1;0,25;0;0,25;0,16;297
0;0;0;0;0;0;0
0,8;1;0,17;0;0,17;0,11;295
0;0;0;0;0;0;0
0,8;1;1;0;1;0,08;293
0;0;0;0;0;0;0
0,8;1;0,9;0;0,9;0,06;291
0;0;0;0;0;0;0
0,8;1;0,75;0;0,75;0,05;289
0;0;0;0;0;0;0
0,8;1;0,64;0,07;0,57;0,05;287
0;0;0;0;0;0;0
0,8;1;0,56;0,06;0,5;0,04;285
0;0;0;0;0;0;0
0,8;1;0,56;0,06;0,5;0,04;283
0;0;0;0;0;0;0
0,8;1;0,55;0,1;0,45;0,03;281
0;0;0;0;0;0;0
0,8;1;0,59;0,09;0,5;0,03;279
0;0;0;0;0;0;0
0,8;1;0,54;0,08;0,46;0,03;277
0;0;0;0;0;0;0
0,8;1;0,5;0,08;0,42;0,02;275
0;0;0;0;0;0;0
0,8;1;0,5;0,07;0,43;0,02;273
0;0;0;0;0;0;0
0,8;1;0,5;0,07;0,43;0,02;271
0;0;0;0;0;0;0
0,8;1;0,5;0,06;0,44;0,02;269
0;0;0;0;0;0;0
0,8;1;0,5;0,06;0,44;0,02;267
0;0;0;0;0;0;0
0,8;1;0,64;0,06;0,58;0,02;265
0;0;0;0;0;0;0
0,8;1;0,61;0,05;0,56;0,02;263
0;0;0;0;0;0;0
0,8;1;0,6;0,05;0,55;0,02;261
0;0;0;0;0;0;0
0,8;1;0,6;0,05;0,55;0,02;259
0;0;0;0;0;0;0
0,8;1;0,59;0,05;0,54;0,01;257
0;0;0;0;0;0;0
0,8;1;0,59;0,04;0,55;0,01;255
0;0;0;0;0;0;0
0,8;1;0,58;0,12;0,46;0,01;253
0;0;0;0;0;0;0
0,8;1;0,62;0,12;0,5;0,01;251
0;0;0;0;0;0;0
0,8;1;0,62;0,12;0,5;0,01;249
0;0;0;0;0;0;0
0,8;1;0,96;0,11;0,85;0,01;247
0;0;0;0;0;0;0
0,8;1;0,95;0,11;0,84;0,01;245
0;0;0;0;0;0;0
0,8;1;0,98;0,1;0,88;0,01;243
0;0;0;0;0;0;0
0,8;1;0,95;0,1;0,85;0,01;241
0;0;0;0;0;0;0
0,8;1;0,97;0,1;0,87;0,01;239
0;0;0;0;0;0;0
0,8;1;0,95;0,09;0,86;0,01;237
0;0;0;0;0;0;0
0,8;1;0,97;0,12;0,85;0,01;235
0;0;0;0;0;0;0
0,8;1;1,01;0,12;0,89;0,01;233
0;0;0;0;0;0;0
0,8;1;1,06;0,13;0,93;0,01;231
0;0;0;0;0;0;0
0,8;1;1,06;0,12;0,94;0,01;229
0;0;0;0;0;0;0
0,8;1;1,08;0,12;0,96;0,01;227
0;0;0;0;0;0;0
0,8;1;1,05;0,12;0,93;0,01;225
0;0;0;0;0;0;0
0,8;1;1,03;0,13;0,9;0,01;223
0;0;0;0;0;0;0
0,8;1;1,01;0,14;0,87;0,01;221
0;0;0;0;0;0;0
0,8;1;0,99;0,13;0,86;0,01;219
0;0;0;0;0;0;0
0,8;1;1,15;0,13;1,02;0,01;217
0;0;0;0;0;0;0
0,8;1;1,23;0,14;1,09;0,01;215
0;0;0;0;0;0;0
0,8;1;1,27;0,14;1,13;0,01;213
0;0;0;0;0;0;0
0,8;1;1,26;0,14;1,12;0,01;211
0;0;0;0;0;0;0
0,8;1;1,26;0,16;1,1;0,01;209
0;0;0;0;0;0;0
0,8;1;1,26;0,17;1,09;0,01;207
0;0;0;0;0;0;0
0,8;1;1,26;0,17;1,09;0,01;205
0;0;0;0;0;0;0
0,8;1;1,24;0,28;0,96;0,01;203
0;0;0;0;0;0;0
0,8;1;1,26;0,3;0,96;0,01;201
0;0;0;0;0;0;0
0,8;1;1,26;0,32;0,94;0,01;199
0;0;0;0;0;0;0
0,8;1;1,68;0,32;1,36;0,01;197
0;0;0;0;0;0;0
0,8;1;1,75;0,32;1,43;0,01;195
0;0;0;0;0;0;0
0,8;1;1,91;0,31;1,6;0,01;193
0;0;0;0;0;0;0
0,8;1;1,9;0,31;1,59;0,01;191
0;0;0;0;0;0;0
0,8;1;1,9;0,3;1,6;0,01;189
0;0;0;0;0;0;0
0,8;1;1,91;0,32;1,59;0,01;187
0;0;0;0;0;0;0
0,8;1;1,99;0,33;1,66;0,01;185
0;0;0;0;0;0;0
0,8;1;2,05;0,32;1,73;0,01;183
0;0;0;0;0;0;0
0,8;1;2,17;0,32;1,85;0,01;181
0;0;0;0;0;0;0
0,8;1;2,29;0,32;1,97;0,01;179
0;0;0;0;0;0;0
0,8;1;2,49;0,31;2,18;0,01;177
0;0;0;0;0;0;0
0,8;1;2,6;0,32;2,28;0,01;175
0;0;0;0;0;0;0
0,8;1;2,73;0,33;2,4;0;173
0;0;0;0;0;0;0
0,8;1;2,82;0,33;2,49;0;171
0;0;0;0;0;0;0
0,8;1;3,01;0,34;2,67;0;169
0;0;0;0;0;0;0
0,8;1;3,28;0,37;2,91;0;167
0;0;0;0;0;0;0
0,8;1;3,86;0,38;3,48;0;165
0;0;0;0;0;0;0
0,8;1;4,1;0,42;3,68;0;163
0;0;0;0;0;0;0
0,8;1;4,39;0,49;3,9;0;161
0;0;0;0;0;0;0
0,8;1;4,71;0,52;4,19;0;159
0;0;0;0;0;0;0
0,8;1;5,33;0,53;4,8;0;157
0;0;0;0;0;0;0
0,8;1;6,15;0,58;5,57;0;155
0;0;0;0;0;0;0
0,8;1;7,47;0,59;6,88;0;153
0;0;0;0;0;0;0
0,8;1;8,79;1,65;7,14;0;151
0;0;0;0;0;0;0
0,8;1;9,47;1,98;7,49;0;149
0;0;0;0;0;0;0
0,8;1;10,18;2,33;7,85;0;147
0;0;0;0;0;0;0
0,8;1;11,22;2,66;8,56;0;145
0;0;0;0;0;0;0
0,8;1;12,13;3,02;9,11;0;143
0;0;0;0;0;0;0
0,8;1;13,02;3,56;9,46;0;141
0;0;0;0;0;0;0
0,8;1;13,57;4,3;9,27;0;139
0;0;0;0;0;0;0
0,8;1;13,96;5,03;8,93;0;137
0;0;0;0;0;0;0
0,8;1;14,26;5,72;8,54;0;135
0;0;0;0;0;0;0
0,8;1;14,49;6,27;8,22;0;133
0;0;0;0;0;0;0
0,8;1;14,7;6,83;7,87;0;131
0;0;0;0;0;0;0
0,8;1;14,97;7,4;7,57;0;129
0;0;0;0;0;0;0
0,8;1;15,18;7,77;7,41;0;127
0;0;0;0;0;0;0
0,8;1;15,47;7,99;7,48;0;125
0;0;0;0;0;0;0
0,8;1;15,63;8,12;7,51;0;123
0;0;0;0;0;0;0
0,8;1;15,98;8,27;7,71;0;121
0;0;0;0;0;0;0
0,8;1;16,6;8,38;8,22;0;119
0;0;0;0;0;0;0
0,8;1;17,3;8,51;8,79;0;117
0;0;0;0;0;0;0
0,8;1;18,2;8,69;9,51;0;115
0;0;0;0;0;0;0
0,8;1;18,99;9,03;9,96;0;113
0;0;0;0;0;0;0
0,8;1;20,05;9,38;10,67;0;111
0;0;0;0;0;0;0
0,8;1;20,97;9,88;11,09;0;109
0;0;0;0;0;0;0
0,8;1;21,99;10,48;11,51;0;107
0;0;0;0;0;0;0
0,8;1;22,96;11,22;11,74;0;105
0;0;0;0;0;0;0
0,8;1;23,82;12,15;11,67;0;103
0;0;0;0;0;0;0
0,8;1;24,41;14,88;9,53;0;101
0;0;0;0;0;0;0
0,8;1;24,6;15,97;8,63;0;99
0;0;0;0;0;0;0
0,8;1;24,79;16,39;8,4;0;97
0;0;0;0;0;0;0
0,8;1;25,24;16,79;8,45;0;95
0;0;0;0;0;0;0
0,8;1;25,83;17,17;8,66;0;93
0;0;0;0;0;0;0
0,8;1;26,38;17,66;8,72;0;91
0;0;0;0;0;0;0
0,8;1;26,58;18,28;8,3;0;89
0;0;0;0;0;0;0
0,8;1;26,86;18,92;7,94;0;87
0;0;0;0;0;0;0
0,8;1;27,11;19,52;7,59;0;85
0;0;0;0;0;0;0
0,8;1;27,22;19,98;7,24;0;83
0;0;0;0;0;0;0
0,8;1;27,36;20,23;7,13;0;81
0;0;0;0;0;0;0
0,8;1;27,59;20,54;7,05;0;79
0;0;0;0;0;0;0
0,8;1;27,65;20,82;6,83;0;77
0;0;0;0;0;0;0
0,8;1;27,86;20,99;6,87;0;75
0;0;0;0;0;0;0
0,8;1;28,11;21,06;7,05;0;73
0;0;0;0;0;0;0
0,8;1;28,42;21,04;7,38;0;71
0;0;0;0;0;0;0
0,8;1;28,73;21,06;7,67;0;69
0;0;0;0;0;0;0
0,8;1;29,35;21,14;8,21;0;67
0;0;0;0;0;0;0
0,8;1;30,04;21,29;8,75;0;65
0;0;0;0;0;0;0
0,8;1;30,89;21,5;9,39;0;63
0;0;0;0;0;0;0
0,8;1;31,61;21,71;9,9;0;61
0;0;0;0;0;0;0
0,8;1;32,39;22,04;10,35;0;59
0;0;0;0;0;0;0
0,8;1;33,13;22,43;10,7;0;57
0;0;0;0;0;0;0
0,8;1;33,95;22,99;10,96;0;55
0;0;0;0;0;0;0
0,8;1;34,77;23,79;10,98;0;53
0;0;0;0;0;0;0
0,8;1;35,44;24,57;10,87;0;51
0;0;0;0;0;0;0
0,8;1;35,71;27,35;8,36;0;49
0;0;0;0;0;0;0
0,8;1;35,89;27,87;8,02;0;47
0;0;0;0;0;0;0
0,8;1;36,16;28,3;7,86;0;45
0;0;0;0;0;0;0
0,8;1;36,56;28,62;7,94;0;43
0;0;0;0;0;0;0
0,8;1;37,03;28,98;8,05;0;41
0;0;0;0;0;0;0
0,8;1;37,52;29,4;8,12;0;39
0;0;0;0;0;0;0
0,8;1;37,84;29,96;7,88;0;37
0;0;0;0;0;0;0
0,8;1;37,99;30,5;7,49;0;35
0;0;0;0;0;0;0
0,8;1;38,15;30,98;7,17;0;33
0;0;0;0;0;0;0
0,8;1;38,27;31,39;6,88;0;31
0;0;0;0;0;0;0
0,8;1;38,33;31,82;6,51;0;29
0;0;0;0;0;0;0
0,8;1;38,38;32,12;6,26000000000001;0;27
0;0;0;0;0;0;0
0,8;1;38,43;32,3;6,13;0;25
0;0;0;0;0;0;0
0,8;1;38,63;32,38;6,25;0;23
0;0;0;0;0;0;0
0,8;1;38,76;32,45;6,31;0;21
0;0;0;0;0;0;0
0,8;1;39,03;32,42;6,61;0;19
0;0;0;0;0;0;0
0,8;1;39,33;32,48;6,85;0;17
0;0;0;0;0;0;0
0,8;1;39,77;32,56;7,21;0;15
0;0;0;0;0;0;0
0,8;1;40,38;32,73;7,65000000000001;0;13
0;0;0;0;0;0;0
0,8;1;40,89;32,85;8,04;0;11
0;0;0;0;0;0;0
0,8;1;41,43;33,04;8,39;0;9
0;0;0;0;0;0;0
0,8;1;42,03;33,29;8,74;0;7
0;0;0;0;0;0;0
0,8;1;42,78;33,67;9,11;0;5
0;0;0;0;0;0;0
0,8;1;43,45;34,19;9,26000000000001;0;3
0;0;0;0;0;0;0
0,8;1;44;34,88;9,12;0;1
0;0;0;0;0;0;0
0,9;1;0,5;0;0,5;0,33;299
0;0;0;0;0;0;0
0,9;1;0,25;0;0,25;0,16;297
0;0;0;0;0;0;0
0,9;1;0,17;0;0,17;0,11;295
0;0;0;0;0;0;0
0,9;1;1;0;1;0,08;293
0;0;0;0;0;0;0
0,9;1;0,9;0;0,9;0,06;291
0;0;0;0;0;0;0
0,9;1;0,75;0;0,75;0,05;289
0;0;0;0;0;0;0
0,9;1;0,64;0,07;0,57;0,05;287
0;0;0;0;0;0;0
0,9;1;0,56;0,06;0,5;0,04;285
0;0;0;0;0;0;0
0,9;1;0,56;0,06;0,5;0,04;283
0;0;0;0;0;0;0
0,9;1;0,55;0,1;0,45;0,03;281
0;0;0;0;0;0;0
0,9;1;0,59;0,09;0,5;0,03;279
0;0;0;0;0;0;0
0,9;1;0,54;0,08;0,46;0,03;277
0;0;0;0;0;0;0
0,9;1;0,5;0,08;0,42;0,02;275
0;0;0;0;0;0;0
0,9;1;0,5;0,07;0,43;0,02;273
0;0;0;0;0;0;0
0,9;1;0,5;0,07;0,43;0,02;271
0;0;0;0;0;0;0
0,9;1;0,5;0,06;0,44;0,02;269
0;0;0;0;0;0;0
0,9;1;0,53;0,06;0,47;0,02;267
0;0;0;0;0;0;0
0,9;1;0,58;0,06;0,52;0,02;265
0;0;0;0;0;0;0
0,9;1;0,61;0,05;0,56;0,02;263
0;0;0;0;0;0;0
0,9;1;0,62;0,05;0,57;0,02;261
0;0;0;0;0;0;0
0,9;1;0,62;0,05;0,57;0,02;259
0;0;0;0;0;0;0
0,9;1;0,64;0,05;0,59;0,01;257
0;0;0;0;0;0;0
0,9;1;0,61;0,04;0,57;0,01;255
0;0;0;0;0;0;0
0,9;1;0,6;0,17;0,43;0,01;253
0;0;0;0;0;0;0
0,9;1;0,6;0,16;0,44;0,01;251
0;0;0;0;0;0;0
0,9;1;0,63;0,15;0,48;0,01;249
0;0;0;0;0;0;0
0,9;1;0,98;0,15;0,83;0,01;247
0;0;0;0;0;0;0
0,9;1;0,98;0,18;0,8;0,01;245
0;0;0;0;0;0;0
0,9;1;1;0,17;0,83;0,01;243
0;0;0;0;0;0;0
0,9;1;1,02;0,17;0,85;0,01;241
0;0;0;0;0;0;0
0,9;1;1;0,18;0,82;0,01;239
0;0;0;0;0;0;0
0,9;1;0,98;0,17;0,81;0,01;237
0;0;0;0;0;0;0
0,9;1;1,03;0,2;0,83;0,01;235
0;0;0;0;0;0;0
0,9;1;1,12;0,19;0,93;0,01;233
0;0;0;0;0;0;0
0,9;1;1,14;0,21;0,93;0,01;231
0;0;0;0;0;0;0
0,9;1;1,11;0,21;0,9;0,01;229
0;0;0;0;0;0;0
0,9;1;1,18;0,2;0,98;0,01;227
0;0;0;0;0;0;0
0,9;1;1,14;0,2;0,94;0,01;225
0;0;0;0;0;0;0
0,9;1;1,13;0,21;0,92;0,01;223
0;0;0;0;0;0;0
0,9;1;1,1;0,2;0,9;0,01;221
0;0;0;0;0;0;0
0,9;1;1,09;0,2;0,89;0,01;219
0;0;0;0;0;0;0
0,9;1;1,25;0,19;1,06;0,01;217
0;0;0;0;0;0;0
0,9;1;1,33;0,19;1,14;0,01;215
0;0;0;0;0;0;0
0,9;1;1,32;0,18;1,14;0,01;213
0;0;0;0;0;0;0
0,9;1;1,32;0,18;1,14;0,01;211
0;0;0;0;0;0;0
0,9;1;1,35;0,18;1,17;0,01;209
0;0;0;0;0;0;0
0,9;1;1,33;0,18;1,15;0,01;207
0;0;0;0;0;0;0
0,9;1;1,32;0,21;1,11;0,01;205
0;0;0;0;0;0;0
0,9;1;1,34;0,28;1,06;0,01;203
0;0;0;0;0;0;0
0,9;1;1,39;0,29;1,1;0,01;201
0;0;0;0;0;0;0
0,9;1;1,4;0,31;1,09;0,01;199
0;0;0;0;0;0;0
0,9;1;1,79;0,35;1,44;0,01;197
0;0;0;0;0;0;0
0,9;1;1,88;0,35;1,53;0,01;195
0;0;0;0;0;0;0
0,9;1;2,06;0,35;1,71;0,01;193
0;0;0;0;0;0;0
0,9;1;2,04;0,35;1,69;0,01;191
0;0;0;0;0;0;0
0,9;1;2,03;0,36;1,67;0,01;189
0;0;0;0;0;0;0
0,9;1;2;0,35;1,65;0,01;187
0;0;0;0;0;0;0
0,9;1;2,09;0,36;1,73;0,01;185
0;0;0;0;0;0;0
0,9;1;2,18;0,36;1,82;0,01;183
0;0;0;0;0;0;0
0,9;1;2,26;0,36;1,9;0,01;181
0;0;0;0;0;0;0
0,9;1;2,33;0,39;1,94;0,01;179
0;0;0;0;0;0;0
0,9;1;2,53;0,4;2,13;0,01;177
0;0;0;0;0;0;0
0,9;1;2,65;0,39;2,26;0,01;175
0;0;0;0;0;0;0
0,9;1;2,71;0,39;2,32;0;173
0;0;0;0;0;0;0
0,9;1;2,8;0,4;2,4;0;171
0;0;0;0;0;0;0
0,9;1;2,94;0,4;2,54;0;169
0;0;0;0;0;0;0
0,9;1;3,17;0,43;2,74;0;167
0;0;0;0;0;0;0
0,9;1;3,68;0,43;3,25;0;165
0;0;0;0;0;0;0
0,9;1;3,89;0,45;3,44;0;163
0;0;0;0;0;0;0
0,9;1;4,14;0,47;3,67;0;161
0;0;0;0;0;0;0
0,9;1;4,58;0,49;4,09;0;159
0;0;0;0;0;0;0
0,9;1;5,15;0,51;4,64;0;157
0;0;0;0;0;0;0
0,9;1;6,02;0,53;5,49;0;155
0;0;0;0;0;0;0
0,9;1;7,14;0,61;6,53;0;153
0;0;0;0;0;0;0
0,9;1;8,32;1,48;6,84;0;151
0;0;0;0;0;0;0
0,9;1;8,93;1,68;7,25;0;149
0;0;0;0;0;0;0
0,9;1;9,84;2,02;7,82;0;147
0;0;0;0;0;0;0
0,9;1;10,81;2,44;8,37;0;145
0;0;0;0;0;0;0
0,9;1;11,94;2,84;9,1;0;143
0;0;0;0;0;0;0
0,9;1;12,63;3,35;9,28;0;141
0;0;0;0;0;0;0
0,9;1;13,36;4,07;9,29;0;139
0;0;0;0;0;0;0
0,9;1;13,84;4,84;9;0;137
0;0;0;0;0;0;0
0,9;1;14,13;5,63;8,5;0;135
0;0;0;0;0;0;0
0,9;1;14,27;6,34;7,93;0;133
0;0;0;0;0;0;0
0,9;1;14,48;6,94;7,54;0;131
0;0;0;0;0;0;0
0,9;1;14,63;7,33;7,3;0;129
0;0;0;0;0;0;0
0,9;1;14,86;7,58;7,28;0;127
0;0;0;0;0;0;0
0,9;1;15,17;7,76;7,41;0;125
0;0;0;0;0;0;0
0,9;1;15,47;7,92;7,55;0;123
0;0;0;0;0;0;0
0,9;1;15,93;8;7,93;0;121
0;0;0;0;0;0;0
0,9;1;16,52;8,12;8,4;0;119
0;0;0;0;0;0;0
0,9;1;17,41;8,3;9,11;0;117
0;0;0;0;0;0;0
0,9;1;18,25;8,56;9,69;0;115
0;0;0;0;0;0;0
0,9;1;18,99;8,87;10,12;0;113
0;0;0;0;0;0;0
0,9;1;19,85;9,24;10,61;0;111
0;0;0;0;0;0;0
0,9;1;20,61;9,69;10,92;0;109
0;0;0;0;0;0;0
0,9;1;21,56;10,25;11,31;0;107
0;0;0;0;0;0;0
0,9;1;22,59;11,21;11,38;0;105
0;0;0;0;0;0;0
0,9;1;23,44;12,18;11,26;0;103
0;0;0;0;0;0;0
0,9;1;24,04;14,7;9,34;0;101
0;0;0;0;0;0;0
0,9;1;24,32;15,77;8,55;0;99
0;0;0;0;0;0;0
0,9;1;24,56;16,26;8,3;0;97
0;0;0;0;0;0;0
0,9;1;25,03;16,66;8,37;0;95
0;0;0;0;0;0;0
0,9;1;25,6;17,07;8,53;0;93
0;0;0;0;0;0;0
0,9;1;26,05;17,57;8,48;0;91
0;0;0;0;0;0;0
0,9;1;26,41;18,12;8,29;0;89
0;0;0;0;0;0;0
0,9;1;26,63;18,73;7,9;0;87
0;0;0;0;0;0;0
0,9;1;26,83;19,27;7,56;0;85
0;0;0;0;0;0;0
0,9;1;27,01;19,75;7,26;0;83
0;0;0;0;0;0;0
0,9;1;27,12;20,11;7,01;0;81
0;0;0;0;0;0;0
0,9;1;27,36;20,49;6,87;0;79
0;0;0;0;0;0;0
0,9;1;27,45;20,77;6,68;0;77
0;0;0;0;0;0;0
0,9;1;27,67;20,86;6,81;0;75
0;0;0;0;0;0;0
0,9;1;27,82;20,89;6,93;0;73
0;0;0;0;0;0;0
0,9;1;28,14;20,95;7,19;0;71
0;0;0;0;0;0;0
0,9;1;28,53;20,98;7,55;0;69
0;0;0;0;0;0;0
0,9;1;29,13;21,06;8,07;0;67
0;0;0;0;0;0;0
0,9;1;29,73;21,16;8,57;0;65
0;0;0;0;0;0;0
0,9;1;30,54;21,32;9,22;0;63
0;0;0;0;0;0;0
0,9;1;31,28;21,56;9,72;0;61
0;0;0;0;0;0;0
0,9;1;32,07;21,92;10,15;0;59
0;0;0;0;0;0;0
0,9;1;32,93;22,37;10,56;0;57
0;0;0;0;0;0;0
0,9;1;33,72;22,94;10,78;0;55
0;0;0;0;0;0;0
0,9;1;34,44;23,57;10,87;0;53
0;0;0;0;0;0;0
0,9;1;35,11;24,4;10,71;0;51
0;0;0;0;0;0;0
0,9;1;35,42;27,03;8,39;0;49
0;0;0;0;0;0;0
0,9;1;35,49;27,56;7,93;0;47
0;0;0;0;0;0;0
0,9;1;35,77;27,86;7,91;0;45
0;0;0;0;0;0;0
0,9;1;36,17;28,2;7,97;0;43
0;0;0;0;0;0;0
0,9;1;36,71;28,63;8,08;0;41
0;0;0;0;0;0;0
0,9;1;37,09;29,03;8,06;0;39
0;0;0;0;0;0;0
0,9;1;37,48;29,51;7,97;0;37
0;0;0;0;0;0;0
0,9;1;37,66;30,18;7,48;0;35
0;0;0;0;0;0;0
0,9;1;37,78;30,64;7,14;0;33
0;0;0;0;0;0;0
0,9;1;37,84;30,99;6,85;0;31
0;0;0;0;0;0;0
0,9;1;37,94;31,37;6,57;0;29
0;0;0;0;0;0;0
0,9;1;37,97;31,71;6,26;0;27
0;0;0;0;0;0;0
0,9;1;38,01;31,83;6,18;0;25
0;0;0;0;0;0;0
0,9;1;38,17;31,86;6,31;0;23
0;0;0;0;0;0;0
0,9;1;38,41;31,85;6,56;0;21
0;0;0;0;0;0;0
0,9;1;38,63;31,9;6,73;0;19
0;0;0;0;0;0;0
0,9;1;38,9;31,95;6,95;0;17
0;0;0;0;0;0;0
0,9;1;39,38;32,04;7,34;0;15
0;0;0;0;0;0;0
0,9;1;39,93;32,19;7,74;0;13
0;0;0;0;0;0;0
0,9;1;40,46;32,36;8,1;0;11
0;0;0;0;0;0;0
0,9;1;40,99;32,56;8,43;0;9
0;0;0;0;0;0;0
0,9;1;41,62;32,84;8,77999999999999;0;7
0;0;0;0;0;0;0
0,9;1;42,25;33,15;9,1;0;5
0;0;0;0;0;0;0
0,9;1;42,99;33,6;9,39;0;3
0;0;0;0;0;0;0
0,9;1;43,52;34,17;9,35;0;1
0;0;0;0;0;0;0
1;1;0,5;0;0,5;0,33;299
0;0;0;0;0;0;0
1;1;0,25;0;0,25;0,16;297
0;0;0;0;0;0;0
1;1;0,17;0;0,17;0,11;295
0;0;0;0;0;0;0
1;1;1;0;1;0,08;293
0;0;0;0;0;0;0
1;1;0,9;0;0,9;0,06;291
0;0;0;0;0;0;0
1;1;0,75;0;0,75;0,05;289
0;0;0;0;0;0;0
1;1;0,64;0,07;0,57;0,05;287
0;0;0;0;0;0;0
1;1;0,56;0,06;0,5;0,04;285
0;0;0;0;0;0;0
1;1;0,56;0,06;0,5;0,04;283
0;0;0;0;0;0;0
1;1;0,6;0,1;0,5;0,03;281
0;0;0;0;0;0;0
1;1;0,59;0,09;0,5;0,03;279
0;0;0;0;0;0;0
1;1;0,54;0,08;0,46;0,03;277
0;0;0;0;0;0;0
1;1;0,5;0,08;0,42;0,02;275
0;0;0;0;0;0;0
1;1;0,46;0,07;0,39;0,02;273
0;0;0;0;0;0;0
1;1;0,43;0,07;0,36;0,02;271
0;0;0;0;0;0;0
1;1;0,47;0,06;0,41;0,02;269
0;0;0;0;0;0;0
1;1;0,5;0,06;0,44;0,02;267
0;0;0;0;0;0;0
1;1;0,58;0,06;0,52;0,02;265
0;0;0;0;0;0;0
1;1;0,61;0,05;0,56;0,02;263
0;0;0;0;0;0;0
1;1;0,58;0,05;0,53;0,02;261
0;0;0;0;0;0;0
1;1;0,6;0,05;0,55;0,02;259
0;0;0;0;0;0;0
1;1;0,59;0,05;0,54;0,01;257
0;0;0;0;0;0;0
1;1;0,59;0,04;0,55;0,01;255
0;0;0;0;0;0;0
1;1;0,62;0,1;0,52;0,01;253
0;0;0;0;0;0;0
1;1;0,64;0,12;0,52;0,01;251
0;0;0;0;0;0;0
1;1;0,62;0,12;0,5;0,01;249
0;0;0;0;0;0;0
1;1;0,93;0,13;0,8;0,01;247
0;0;0;0;0;0;0
1;1;0,93;0,12;0,81;0,01;245
0;0;0;0;0;0;0
1;1;0,93;0,12;0,81;0,01;243
0;0;0;0;0;0;0
1;1;0,92;0,12;0,8;0,01;241
0;0;0;0;0;0;0
1;1;0,92;0,11;0,81;0,01;239
0;0;0;0;0;0;0
1;1;0,91;0,11;0,8;0,01;237
0;0;0;0;0;0;0
1;1;0,95;0,14;0,81;0,01;235
0;0;0;0;0;0;0
1;1;0,99;0,13;0,86;0,01;233
0;0;0;0;0;0;0
1;1;1,07;0,14;0,93;0,01;231
0;0;0;0;0;0;0
1;1;1,06;0,14;0,92;0,01;229
0;0;0;0;0;0;0
1;1;1,16;0,14;1,02;0,01;227
0;0;0;0;0;0;0
1;1;1,14;0,13;1,01;0,01;225
0;0;0;0;0;0;0
1;1;1,13;0,14;0,99;0,01;223
0;0;0;0;0;0;0
1;1;1,1;0,14;0,96;0,01;221
0;0;0;0;0;0;0
1;1;1,07;0,13;0,94;0,01;219
0;0;0;0;0;0;0
1;1;1,24;0,13;1,11;0,01;217
0;0;0;0;0;0;0
1;1;1,35;0,13;1,22;0,01;215
0;0;0;0;0;0;0
1;1;1,35;0,15;1,2;0,01;213
0;0;0;0;0;0;0
1;1;1,36;0,17;1,19;0,01;211
0;0;0;0;0;0;0
1;1;1,35;0,16;1,19;0,01;209
0;0;0;0;0;0;0
1;1;1,36;0,19;1,17;0,01;207
0;0;0;0;0;0;0
1;1;1,36;0,19;1,17;0,01;205
0;0;0;0;0;0;0
1;1;1,39;0,29;1,1;0,01;203
0;0;0;0;0;0;0
1;1;1,43;0,32;1,11;0,01;201
0;0;0;0;0;0;0
1;1;1,42;0,33;1,09;0,01;199
0;0;0;0;0;0;0
1;1;1,77;0,35;1,42;0,01;197
0;0;0;0;0;0;0
1;1;1,85;0,37;1,48;0,01;195
0;0;0;0;0;0;0
1;1;2,01;0,37;1,64;0,01;193
0;0;0;0;0;0;0
1;1;1,98;0,36;1,62;0,01;191
0;0;0;0;0;0;0
1;1;1,96;0,37;1,59;0,01;189
0;0;0;0;0;0;0
1;1;1,95;0,36;1,59;0,01;187
0;0;0;0;0;0;0
1;1;2,02;0,38;1,64;0,01;185
0;0;0;0;0;0;0
1;1;2,08;0,37;1,71;0,01;183
0;0;0;0;0;0;0
1;1;2,21;0,38;1,83;0,01;181
0;0;0;0;0;0;0
1;1;2,27;0,39;1,88;0,01;179
0;0;0;0;0;0;0
1;1;2,44;0,38;2,06;0,01;177
0;0;0;0;0;0;0
1;1;2,51;0,37;2,14;0,01;175
0;0;0;0;0;0;0
1;1;2,58;0,38;2,2;0;173
0;0;0;0;0;0;0
1;1;2,69;0,38;2,31;0;171
0;0;0;0;0;0;0
1;1;2,89;0,39;2,5;0;169
0;0;0;0;0;0;0
1;1;3,08;0,4;2,68;0;167
0;0;0;0;0;0;0
1;1;3,5;0,43;3,07;0;165
0;0;0;0;0;0;0
1;1;3,62;0,44;3,18;0;163
0;0;0;0;0;0;0
1;1;3,81;0,49;3,32;0;161
0;0;0;0;0;0;0
1;1;4,04;0,51;3,53;0;159
0;0;0;0;0;0;0
1;1;4,45;0,54;3,91;0;157
0;0;0;0;0;0;0
1;1;4,95;0,55;4,4;0;155
0;0;0;0;0;0;0
1;1;5,89;0,59;5,3;0;153
0;0;0;0;0;0;0
1;1;7,16;1,17;5,99;0;151
0;0;0;0;0;0;0
1;1;7,68;1,39;6,29;0;149
0;0;0;0;0;0;0
1;1;8,6;1,58;7,02;0;147
0;0;0;0;0;0;0
1;1;9,76;1,89;7,87;0;145
0;0;0;0;0;0;0
1;1;10,91;2,18;8,73;0;143
0;0;0;0;0;0;0
1;1;11,71;2,62;9,09;0;141
0;0;0;0;0;0;0
1;1;12,25;3,21;9,04;0;139
0;0;0;0;0;0;0
1;1;12,66;4,02;8,64;0;137
0;0;0;0;0;0;0
1;1;12,93;4,69;8,24;0;135
0;0;0;0;0;0;0
1;1;13,21;5,29;7,92;0;133
0;0;0;0;0;0;0
1;1;13,44;5,84;7,6;0;131
0;0;0;0;0;0;0
1;1;13,63;6,28;7,35;0;129
0;0;0;0;0;0;0
1;1;13,82;6,57;7,25;0;127
0;0;0;0;0;0;0
1;1;14,14;6,77;7,37;0;125
0;0;0;0;0;0;0
1;1;14,51;6,89;7,62;0;123
0;0;0;0;0;0;0
1;1;15,04;7,01;8,03;0;121
0;0;0;0;0;0;0
1;1;15,63;7,18;8,45;0;119
0;0;0;0;0;0;0
1;1;16,3;7,34;8,96;0;117
0;0;0;0;0;0;0
1;1;17,21;7,61;9,6;0;115
0;0;0;0;0;0;0
1;1;18,03;7,9;10,13;0;113
0;0;0;0;0;0;0
1;1;18,94;8,23;10,71;0;111
0;0;0;0;0;0;0
1;1;19,87;8,77;11,1;0;109
0;0;0;0;0;0;0
1;1;20,82;9,28;11,54;0;107
0;0;0;0;0;0;0
1;1;21,84;10,27;11,57;0;105
0;0;0;0;0;0;0
1;1;22,58;11,24;11,34;0;103
0;0;0;0;0;0;0
1;1;23,32;13,81;9,51;0;101
0;0;0;0;0;0;0
1;1;23,54;14,99;8,55;0;99
0;0;0;0;0;0;0
1;1;23,73;15,53;8,2;0;97
0;0;0;0;0;0;0
1;1;24,12;16,02;8,1;0;95
0;0;0;0;0;0;0
1;1;24,87;16,41;8,46;0;93
0;0;0;0;0;0;0
1;1;25,4;16,92;8,48;0;91
0;0;0;0;0;0;0
1;1;25,69;17,49;8,2;0;89
0;0;0;0;0;0;0
1;1;25,98;18,13;7,85;0;87
0;0;0;0;0;0;0
1;1;26,19;18,71;7,48;0;85
0;0;0;0;0;0;0
1;1;26,35;19,18;7,17;0;83
0;0;0;0;0;0;0
1;1;26,43;19,52;6,91;0;81
0;0;0;0;0;0;0
1;1;26,54;19,88;6,66;0;79
0;0;0;0;0;0;0
1;1;26,67;20,15;6,52;0;77
0;0;0;0;0;0;0
1;1;26,8;20,24;6,56;0;75
0;0;0;0;0;0;0
1;1;26,99;20,28;6,71;0;73
0;0;0;0;0;0;0
1;1;27,19;20,3;6,89;0;71
0;0;0;0;0;0;0
1;1;27,59;20,3;7,29;0;69
0;0;0;0;0;0;0
1;1;28,15;20,36;7,79;0;67
0;0;0;0;0;0;0
1;1;28,89;20,51;8,38;0;65
0;0;0;0;0;0;0
1;1;29,62;20,64;8,98;0;63
0;0;0;0;0;0;0
1;1;30,3;20,83;9,47;0;61
0;0;0;0;0;0;0
1;1;31,07;21,07;10;0;59
0;0;0;0;0;0;0
1;1;31,93;21,49;10,44;0;57
0;0;0;0;0;0;0
1;1;32,77;22,07;10,7;0;55
0;0;0;0;0;0;0
1;1;33,63;22,82;10,81;0;53
0;0;0;0;0;0;0
1;1;34,26;23,58;10,68;0;51
0;0;0;0;0;0;0
1;1;34,49;26,18;8,31;0;49
0;0;0;0;0;0;0
1;1;34,65;26,65;8;0;47
0;0;0;0;0;0;0
1;1;34,96;27;7,96;0;45
0;0;0;0;0;0;0
1;1;35,47;27,33;8,14;0;43
0;0;0;0;0;0;0
1;1;36,02;27,7;8,32;0;41
0;0;0;0;0;0;0
1;1;36,4;28,24;8,16;0;39
0;0;0;0;0;0;0
1;1;36,72;28,77;7,95;0;37
0;0;0;0;0;0;0
1;1;36,91;29,36;7,55;0;35
0;0;0;0;0;0;0
1;1;37,04;29,89;7,15;0;33
0;0;0;0;0;0;0
1;1;37,16;30,28;6,88;0;31
0;0;0;0;0;0;0
1;1;37,21;30,67;6,54;0;29
0;0;0;0;0;0;0
1;1;37,3;30,91;6,39;0;27
0;0;0;0;0;0;0
1;1;37,4;31,05;6,35;0;25
0;0;0;0;0;0;0
1;1;37,56;31,19;6,37;0;23
0;0;0;0;0;0;0
1;1;37,68;31,18;6,5;0;21
0;0;0;0;0;0;0
1;1;37,85;31,22;6,63;0;19
0;0;0;0;0;0;0
1;1;38,19;31,27;6,92;0;17
0;0;0;0;0;0;0
1;1;38,65;31,38;7,27;0;15
0;0;0;0;0;0;0
1;1;39,23;31,53;7,7;0;13
0;0;0;0;0;0;0
1;1;39,78;31,63;8,15;0;11
0;0;0;0;0;0;0
1;1;40,27;31,77;8,5;0;9
0;0;0;0;0;0;0
1;1;40,88;32,02;8,86;0;7
0;0;0;0;0;0;0
1;1;41,62;32,39;9,23;0;5
0;0;0;0;0;0;0
1;1;42,21;33;9,21;0;3
0;0;0;0;0;0;0
1;1;42,74;33,57;9,17;0;1
0;0;0;0;0;0;0
0;0;0;0;0;0;0
0;0;0;0;0;0;0
0;0;0;0;0;0;0
0;0;0;0;0;0;0
0;0;0;0;0;0;0
0;0;0;0;0;0;0
0;0;0;0;0;0;0
0;0;0;0;0;0;0
0;0;0;0;0;0;0
0;0;0;0;0;0;0
0;0;0;0;0;0;0
0;0;0;0;0;0;0
0;0;0;0;0;0;0
0;0;0;0;0;0;0
0;0;0;0;0;0;0
0;0;0;0;0;0;0
0;0;0;0;0;0;0
0;0;0;0;0;0;0
0;0;0;0;0;0;0
0;0;0;0;0;0;0
0;0;0;0;0;0;0
0;0;0;0;0;0;0
0;0;0;0;0;0;0
0;0;0;0;0;0;0
0;0;0;0;0;0;0
0;0;0;0;0;0;0
0;0;0;0;0;0;0
0;0;0;0;0;0;0
0;0;0;0;0;0;0
0;0;0;0;0;0;0
0;0;0;0;0;0;0
0;0;0;0;0;0;0
0;0;0;0;0;0;0
0;0;0;0;0;0;0
0;0;0;0;0;0;0
0;0;0;0;0;0;0
0;0;0;0;0;0;0
0;0;0;0;0;0;0
0;0;0;0;0;0;0
0;0;0;0;0;0;0
0;0;0;0;0;0;0
0;0;0;0;0;0;0
0;0;0;0;0;0;0
0;0;0;0;0;0;0
0;0;0;0;0;0;0
0;0;0;0;0;0;0
0;0;0;0;0;0;0
0;0;0;0;0;0;0
0;0;0;0;0;0;0
0;0;0;0;0;0;0
0;0;0;0;0;0;0
0;0;0;0;0;0;0
0;0;0;0;0;0;0
0;0;0;0;0;0;0
0;0;0;0;0;0;0
0;0;0;0;0;0;0
0;0;0;0;0;0;0
0;0;0;0;0;0;0
0;0;0;0;0;0;0
0;0;0;0;0;0;0
0;0;0;0;0;0;0
0;0;0;0;0;0;0
0;0;0;0;0;0;0
0;0;0;0;0;0;0
0;0;0;0;0;0;0
0;0;0;0;0;0;0
0;0;0;0;0;0;0
0;0;0;0;0;0;0
0;0;0;0;0;0;0
0;0;0;0;0;0;0
0;0;0;0;0;0;0
0;0;0;0;0;0;0
0;0;0;0;0;0;0
0;0;0;0;0;0;0
0;0;0;0;0;0;0
0;0;0;0;0;0;0
0;0;0;0;0;0;0
0;0;0;0;0;0;0
0;0;0;0;0;0;0
0;0;0;0;0;0;0
0;0;0;0;0;0;0
0;0;0;0;0;0;0
0;0;0;0;0;0;0
0;0;0;0;0;0;0
0;0;0;0;0;0;0
0;0;0;0;0;0;0
0;0;0;0;0;0;0
0;0;0;0;0;0;0
0;0;0;0;0;0;0
0;0;0;0;0;0;0
0;0;0;0;0;0;0
0;0;0;0;0;0;0
0;0;0;0;0;0;0
0;0;0;0;0;0;0
0;0;0;0;0;0;0
0;0;0;0;0;0;0
0;0;0;0;0;0;0
0;0;0;0;0;0;0
0;0;0;0;0;0;0
0;0;0;0;0;0;0
0;0;0;0;0;0;0
0;0;0;0;0;0;0
0;0;0;0;0;0;0
0;0;0;0;0;0;0
0;0;0;0;0;0;0
0;0;0;0;0;0;0
0;0;0;0;0;0;0
0;0;0;0;0;0;0
0;0;0;0;0;0;0
0;0;0;0;0;0;0
0;0;0;0;0;0;0
0;0;0;0;0;0;0
0;0;0;0;0;0;0
0;0;0;0;0;0;0
0;0;0;0;0;0;0
0;0;0;0;0;0;0
0;0;0;0;0;0;0
0;0;0;0;0;0;0
0;0;0;0;0;0;0
0;0;0;0;0;0;0
0;0;0;0;0;0;0
0;0;0;0;0;0;0
0;0;0;0;0;0;0
0;0;0;0;0;0;0
0;0;0;0;0;0;0
0;0;0;0;0;0;0
0;0;0;0;0;0;0
0;0;0;0;0;0;0
0;0;0;0;0;0;0
0;0;0;0;0;0;0
0;0;0;0;0;0;0
0;0;0;0;0;0;0
0;0;0;0;0;0;0
0;0;0;0;0;0;0
0;0;0;0;0;0;0
0;0;0;0;0;0;0
0;0;0;0;0;0;0
0;0;0;0;0;0;0
0;0;0;0;0;0;0
0;0;0;0;0;0;0
0;0;0;0;0;0;0
0;0;0;0;0;0;0
0;0;0;0;0;0;0
0;0;0;0;0;0;0
0;0;0;0;0;0;0
0;0;0;0;0;0;0
0;0;0;0;0;0;0
0;0;0;0;0;0;0
0;0;0;0;0;0;0
0;0;0;0;0;0;0
0;0;0;0;0;0;0
0;0;0;0;0;0;0
0;0;0;0;0;0;0
0;0;0;0;0;0;0
0;0;0;0;0;0;0
0;0;0;0;0;0;0
0;0;0;0;0;0;0
0;0;0;0;0;0;0
0;0;0;0;0;0;0
0;0;0;0;0;0;0
0;0;0;0;0;0;0
0;0;0;0;0;0;0
0;0;0;0;0;0;0
0;0;0;0;0;0;0
0;0;0;0;0;0;0
0;0;0;0;0;0;0
0;0;0;0;0;0;0
0;0;0;0;0;0;0
0;0;0;0;0;0;0
0;0;0;0;0;0;0
0;0;0;0;0;0;0
0;0;0;0;0;0;0
0;0;0;0;0;0;0
0;0;0;0;0;0;0
0;0;0;0;0;0;0
0;0;0;0;0;0;0
0;0;0;0;0;0;0
0;0;0;0;0;0;0
0;0;0;0;0;0;0
0;0;0;0;0;0;0
0;0;0;0;0;0;0
0;0;0;0;0;0;0
0;0;0;0;0;0;0
0;0;0;0;0;0;0
0;0;0;0;0;0;0
0;0;0;0;0;0;0
0;0;0;0;0;0;0
0;0;0;0;0;0;0
0;0;0;0;0;0;0
0;0;0;0;0;0;0
0;0;0;0;0;0;0
0;0;0;0;0;0;0
0;0;0;0;0;0;0
0;0;0;0;0;0;0
0;0;0;0;0;0;0
0;0;0;0;0;0;0
0;0;0;0;0;0;0
0;0;0;0;0;0;0
0;0;0;0;0;0;0
0;0;0;0;0;0;0
0;0;0;0;0;0;0
0;0;0;0;0;0;0
0;0;0;0;0;0;0
0;0;0;0;0;0;0
0;0;0;0;0;0;0
0;0;0;0;0;0;0
0;0;0;0;0;0;0
0;0;0;0;0;0;0
0;0;0;0;0;0;0
0;0;0;0;0;0;0
0;0;0;0;0;0;0
0;0;0;0;0;0;0
0;0;0;0;0;0;0
0;0;0;0;0;0;0
0;0;0;0;0;0;0
0;0;0;0;0;0;0
0;0;0;0;0;0;0
0;0;0;0;0;0;0
0;0;0;0;0;0;0
0;0;0;0;0;0;0
0;0;0;0;0;0;0
0;0;0;0;0;0;0
0;0;0;0;0;0;0
0;0;0;0;0;0;0
0;0;0;0;0;0;0
0;0;0;0;0;0;0
0;0;0;0;0;0;0
0;0;0;0;0;0;0
0;0;0;0;0;0;0
0;0;0;0;0;0;0
0;0;0;0;0;0;0
0;0;0;0;0;0;0
0;0;0;0;0;0;0
0;0;0;0;0;0;0
0;0;0;0;0;0;0
0;0;0;0;0;0;0
0;0;0;0;0;0;0
0;0;0;0;0;0;0
0;0;0;0;0;0;0
0;0;0;0;0;0;0
0;0;0;0;0;0;0
0;0;0;0;0;0;0
0;0;0;0;0;0;0
0;0;0;0;0;0;0
0;0;0;0;0;0;0
0;0;0;0;0;0;0
0;0;0;0;0;0;0
0;0;0;0;0;0;0
0;0;0;0;0;0;0
0;0;0;0;0;0;0
0;0;0;0;0;0;0
0;0;0;0;0;0;0
0;0;0;0;0;0;0
0;0;0;0;0;0;0
0;0;0;0;0;0;0
0;0;0;0;0;0;0
0;0;0;0;0;0;0
0;0;0;0;0;0;0
0;0;0;0;0;0;0
0;0;0;0;0;0;0
0;0;0;0;0;0;0
0;0;0;0;0;0;0
0;0;0;0;0;0;0
0;0;0;0;0;0;0
0;0;0;0;0;0;0
0;0;0;0;0;0;0
0;0;0;0;0;0;0
0;0;0;0;0;0;0
0;0;0;0;0;0;0
0;0;0;0;0;0;0
0;0;0;0;0;0;0
0;0;0;0;0;0;0
0;0;0;0;0;0;0
0;0;0;0;0;0;0
0;0;0;0;0;0;0
0;0;0;0;0;0;0
0;0;0;0;0;0;0
0;0;0;0;0;0;0
0;0;0;0;0;0;0
0;0;0;0;0;0;0
0;0;0;0;0;0;0
0;0;0;0;0;0;0
0;0;0;0;0;0;0
0;0;0;0;0;0;0
0;0;0;0;0;0;0
0;0;0;0;0;0;0
0;0;0;0;0;0;0
0;0;0;0;0;0;0
0;0;0;0;0;0;0
0;0;0;0;0;0;0
0;0;0;0;0;0;0
0;0;0;0;0;0;0
0;0;0;0;0;0;0
0;0;0;0;0;0;0
0;0;0;0;0;0;0
0;0;0;0;0;0;0
0;0;0;0;0;0;0
0;0;0;0;0;0;0
0;0;0;0;0;0;0
0;0;0;0;0;0;0
0;0;0;0;0;0;0
0;0;0;0;0;0;0
0;0;0;0;0;0;0
0;0;0;0;0;0;0
0;0;0;0;0;0;0
0;0;0;0;0;0;0
0;0;0;0;0;0;0
0;0;0;0;0;0;0
0;0;0;0;0;0;0
0;0;0;0;0;0;0
0;0;0;0;0;0;0
0;0;0;0;0;0;0
0;0;0;0;0;0;0
0;0;0;0;0;0;0
0;0;0;0;0;0;0
0;0;0;0;0;0;0
0;0;0;0;0;0;0
0;0;0;0;0;0;0
0;0;0;0;0;0;0
0;0;0;0;0;0;0
0;0;0;0;0;0;0
0;0;0;0;0;0;0
0;0;0;0;0;0;0
0;0;0;0;0;0;0
0;0;0;0;0;0;0
0;0;0;0;0;0;0
0;0;0;0;0;0;0
0;0;0;0;0;0;0
0;0;0;0;0;0;0
0;0;0;0;0;0;0
0;0;0;0;0;0;0
0;0;0;0;0;0;0
0;0;0;0;0;0;0
0;0;0;0;0;0;0
0;0;0;0;0;0;0
0;0;0;0;0;0;0
0;0;0;0;0;0;0
0;0;0;0;0;0;0
0;0;0;0;0;0;0
0;0;0;0;0;0;0
0;0;0;0;0;0;0
0;0;0;0;0;0;0
0;0;0;0;0;0;0
0;0;0;0;0;0;0
0;0;0;0;0;0;0
0;0;0;0;0;0;0
0;0;0;0;0;0;0
0;0;0;0;0;0;0
0;0;0;0;0;0;0
0;0;0;0;0;0;0
0;0;0;0;0;0;0
0;0;0;0;0;0;0
0;0;0;0;0;0;0
0;0;0;0;0;0;0
0;0;0;0;0;0;0
0;0;0;0;0;0;0
0;0;0;0;0;0;0
0;0;0;0;0;0;0
0;0;0;0;0;0;0
0;0;0;0;0;0;0
0;0;0;0;0;0;0
0;0;0;0;0;0;0
0;0;0;0;0;0;0
0;0;0;0;0;0;0
0;0;0;0;0;0;0
0;0;0;0;0;0;0
0;0;0;0;0;0;0
0;0;0;0;0;0;0
0;0;0;0;0;0;0
0;0;0;0;0;0;0
0;0;0;0;0;0;0
0;0;0;0;0;0;0
0;0;0;0;0;0;0
0;0;0;0;0;0;0
0;0;0;0;0;0;0
0;0;0;0;0;0;0
0;0;0;0;0;0;0
0;0;0;0;0;0;0
0;0;0;0;0;0;0
0;0;0;0;0;0;0
0;0;0;0;0;0;0
0;0;0;0;0;0;0
0;0;0;0;0;0;0
0;0;0;0;0;0;0
0;0;0;0;0;0;0
0;0;0;0;0;0;0
0;0;0;0;0;0;0
0;0;0;0;0;0;0
0;0;0;0;0;0;0
0;0;0;0;0;0;0
0;0;0;0;0;0;0
0;0;0;0;0;0;0
0;0;0;0;0;0;0
0;0;0;0;0;0;0
0;0;0;0;0;0;0
0;0;0;0;0;0;0
0;0;0;0;0;0;0
0;0;0;0;0;0;0
0;0;0;0;0;0;0
0;0;0;0;0;0;0
0;0;0;0;0;0;0
0;0;0;0;0;0;0
0;0;0;0;0;0;0
0;0;0;0;0;0;0
0;0;0;0;0;0;0
0;0;0;0;0;0;0
0;0;0;0;0;0;0
0;0;0;0;0;0;0
0;0;0;0;0;0;0
0;0;0;0;0;0;0
