"plasticidade";"replications";"speciation";"extinction";"diversif";"traitevolution";"timestep";"timesimulation";"speciestotal"
0;0;0;0;0;0;0;0;0
0;1;0;0;0;0,00149339691601402;999;2;1
0;0;0;0;0;0;0;0;0
0;1;0;0;0;0,000666767988985073;997;4;1
0;0;0;0;0;0;0;0;0
0;1;0;0;0;0,00332471356708008;995;6;1
0;0;0;0;0;0;0;0;0
0;1;1;0;1;0,00206109650917452;993;8;4
0;0;0;0;0;0;0;0;0
0;1;0,25;0;0,25;0,000290370609170643;991;10;5
0;0;0;0;0;0;0;0;0
0;1;0,2;0,4;-0,2;0,00250084952304238;989;12;6
0;0;0;0;0;0;0;0;0
0;1;0;0;0;0;987;14;6
0;0;0;0;0;0;0;0;0
0;1;0;0;0;0;985;16;6
0;0;0;0;0;0;0;0;0
0;1;0;0;0;0;983;18;6
0;0;0;0;0;0;0;0;0
0;1;0,333333333333333;0;0,333333333333333;0;981;20;7
0;0;0;0;0;0;0;0;0
0;1;0;0;0;0;979;22;7
0;0;0;0;0;0;0;0;0
0;1;0,333333333333333;0;0,333333333333333;0;977;24;8
0;0;0;0;0;0;0;0;0
0;1;0,25;0;0,25;0;975;26;9
0;0;0;0;0;0;0;0;0
0;1;0;0,2;-0,2;0;973;28;9
0;0;0;0;0;0;0;0;0
0;1;0;0,2;-0,2;0;971;30;10
0;0;0;0;0;0;0;0;0
0;1;0;0;0;0;969;32;10
0;0;0;0;0;0;0;0;0
0;1;0;0,333333333333333;-0,333333333333333;0;967;34;10
0;0;0;0;0;0;0;0;0
0;1;0,5;0,5;0;0;965;36;11
0;0;0;0;0;0;0;0;0
0;1;0;0;0;0;963;38;11
0;0;0;0;0;0;0;0;0
0;1;0;0;0;0;961;40;11
0;0;0;0;0;0;0;0;0
0;1;0,5;0;0,5;0;959;42;12
0;0;0;0;0;0;0;0;0
0;1;0;0;0;0;957;44;12
0;0;0;0;0;0;0;0;0
0;1;0;0;0;0;955;46;12
0;0;0;0;0;0;0;0;0
0;1;0;0;0;0;953;48;12
0;0;0;0;0;0;0;0;0
0;1;0;0;0;0;951;50;12
0;0;0;0;0;0;0;0;0
0;1;0;0;0;0;949;52;12
0;0;0;0;0;0;0;0;0
0;1;0;0;0;0;947;54;12
0;0;0;0;0;0;0;0;0
0;1;0;0;0;0;945;56;12
0;0;0;0;0;0;0;0;0
0;1;0,5;0;0,5;0;943;58;13
0;0;0;0;0;0;0;0;0
0;1;0;0;0;0;941;60;15
0;0;0;0;0;0;0;0;0
0;1;0;0;0;0;939;62;15
0;0;0;0;0;0;0;0;0
0;1;0;0;0;0;937;64;16
0;0;0;0;0;0;0;0;0
0;1;0;0;0;0;935;66;16
0;0;0;0;0;0;0;0;0
0;1;0;0;0;0;933;68;17
0;0;0;0;0;0;0;0;0
0;1;0;0,2;-0,2;0;931;70;17
0;0;0;0;0;0;0;0;0
0;1;0,25;0,25;0;0;929;72;18
0;0;0;0;0;0;0;0;0
0;1;0;0;0;0;927;74;18
0;0;0;0;0;0;0;0;0
0;1;0;0;0;0;925;76;18
0;0;0;0;0;0;0;0;0
0;1;0;0;0;0;923;78;19
0;0;0;0;0;0;0;0;0
0;1;0,5;0;0,5;0;921;80;21
0;0;0;0;0;0;0;0;0
0;1;0;0,166666666666667;-0,166666666666667;0;919;82;21
0;0;0;0;0;0;0;0;0
0;1;0;0,2;-0,2;0;917;84;21
0;0;0;0;0;0;0;0;0
0;1;0,166666666666667;0,166666666666667;0;0;915;86;24
0;0;0;0;0;0;0;0;0
0;1;0;0,166666666666667;-0,166666666666667;0;913;88;24
0;0;0;0;0;0;0;0;0
0;1;0;0;0;0;911;90;24
0;0;0;0;0;0;0;0;0
0;1;0,2;0;0,2;0;909;92;25
0;0;0;0;0;0;0;0;0
0;1;0;0;0;0;907;94;25
0;0;0;0;0;0;0;0;0
0;1;0,2;0;0,2;0;905;96;27
0;0;0;0;0;0;0;0;0
0;1;0;0;0;0;903;98;27
0;0;0;0;0;0;0;0;0
0;1;0;0;0;0;901;100;27
0;0;0;0;0;0;0;0;0
0;1;0,166666666666667;0,166666666666667;0;0;899;102;28
0;0;0;0;0;0;0;0;0
0;1;0,2;0;0,2;0;897;104;29
0;0;0;0;0;0;0;0;0
0;1;0,142857142857143;0;0,142857142857143;0;895;106;31
0;0;0;0;0;0;0;0;0
0;1;0;0;0;0;893;108;31
0;0;0;0;0;0;0;0;0
0;1;0;0;0;0;891;110;31
0;0;0;0;0;0;0;0;0
0;1;0;0;0;0;889;112;31
0;0;0;0;0;0;0;0;0
0;1;0,142857142857143;0;0,142857142857143;0;887;114;33
0;0;0;0;0;0;0;0;0
0;1;0,111111111111111;0;0,111111111111111;0;885;116;35
0;0;0;0;0;0;0;0;0
0;1;0;0;0;0;883;118;35
0;0;0;0;0;0;0;0;0
0;1;0,125;0,125;0;0;881;120;36
0;0;0;0;0;0;0;0;0
0;1;0,142857142857143;0,285714285714286;-0,142857142857143;0;879;122;38
0;0;0;0;0;0;0;0;0
0;1;0;0,2;-0,2;0;877;124;39
0;0;0;0;0;0;0;0;0
0;1;0,25;0;0,25;0;875;126;40
0;0;0;0;0;0;0;0;0
0;1;0;0;0;0;873;128;40
0;0;0;0;0;0;0;0;0
0;1;0,2;0;0,2;0;871;130;41
0;0;0;0;0;0;0;0;0
0;1;0;0,2;-0,2;0;869;132;41
0;0;0;0;0;0;0;0;0
0;1;0;0;0;0;867;134;41
0;0;0;0;0;0;0;0;0
0;1;0;0;0;0;865;136;41
0;0;0;0;0;0;0;0;0
0;1;0,5;0;0,5;0;863;138;42
0;0;0;0;0;0;0;0;0
0;1;0,333333333333333;0,333333333333333;0;0;861;140;43
0;0;0;0;0;0;0;0;0
0;1;0;0;0;0;859;142;43
0;0;0;0;0;0;0;0;0
0;1;0;0;0;0;857;144;43
0;0;0;0;0;0;0;0;0
0;1;0;0;0;0;855;146;43
0;0;0;0;0;0;0;0;0
0;1;0;0;0;0;853;148;43
0;0;0;0;0;0;0;0;0
0;1;0;0;0;0;851;150;44
0;0;0;0;0;0;0;0;0
0;1;0;0;0;0;849;152;45
0;0;0;0;0;0;0;0;0
0;1;0;0;0;0;847;154;46
0;0;0;0;0;0;0;0;0
0;1;0,142857142857143;0;0,142857142857143;0;845;156;48
0;0;0;0;0;0;0;0;0
0;1;0;0;0;0;843;158;48
0;0;0;0;0;0;0;0;0
0;1;0;0;0;0;841;160;48
0;0;0;0;0;0;0;0;0
0;1;0,111111111111111;0;0,111111111111111;0;839;162;50
0;0;0;0;0;0;0;0;0
0;1;0;0;0;0;837;164;51
0;0;0;0;0;0;0;0;0
0;1;0,166666666666667;0;0,166666666666667;0;835;166;54
0;0;0;0;0;0;0;0;0
0;1;0,2;0;0,2;0;833;168;58
0;0;0;0;0;0;0;0;0
0;1;0,105263157894737;0;0,105263157894737;0;831;170;61
0;0;0;0;0;0;0;0;0
0;1;0,0454545454545455;0,0909090909090909;-0,0454545454545455;0;829;172;63
0;0;0;0;0;0;0;0;0
0;1;0,0476190476190476;0;0,0476190476190476;0;827;174;65
0;0;0;0;0;0;0;0;0
0;1;0,136363636363636;0;0,136363636363636;0;825;176;68
0;0;0;0;0;0;0;0;0
0;1;0,12;0;0,12;0;823;178;71
0;0;0;0;0;0;0;0;0
0;1;0,172413793103448;0,0689655172413793;0,103448275862069;0;821;180;79
0;0;0;0;0;0;0;0;0
0;1;0;0,0357142857142857;-0,0357142857142857;0;819;182;81
0;0;0;0;0;0;0;0;0
0;1;0,08;0;0,08;0;817;184;83
0;0;0;0;0;0;0;0;0
0;1;0,0714285714285714;0,0714285714285714;0;0;815;186;86
0;0;0;0;0;0;0;0;0
0;1;0,0740740740740741;0,037037037037037;0,037037037037037;0;813;188;89
0;0;0;0;0;0;0;0;0
0;1;0,0357142857142857;0;0,0357142857142857;0;811;190;91
0;0;0;0;0;0;0;0;0
0;1;0,103448275862069;0,137931034482759;-0,0344827586206897;0;809;192;95
0;0;0;0;0;0;0;0;0
0;1;0,0740740740740741;0,037037037037037;0,037037037037037;0;807;194;97
0;0;0;0;0;0;0;0;0
0;1;0,0689655172413793;0,0689655172413793;0;0;805;196;100
0;0;0;0;0;0;0;0;0
0;1;0,0967741935483871;0,032258064516129;0,0645161290322581;0;803;198;105
0;0;0;0;0;0;0;0;0
0;1;0,0571428571428571;0,2;-0,142857142857143;0;801;200;110
0;0;0;0;0;0;0;0;0
0;1;0;0,222222222222222;-0,222222222222222;0;799;202;110
0;0;0;0;0;0;0;0;0
0;1;0,05;0;0,05;0;797;204;111
0;0;0;0;0;0;0;0;0
0;1;0;0;0;0;795;206;112
0;0;0;0;0;0;0;0;0
0;1;0,0434782608695652;0;0,0434782608695652;0;793;208;114
0;0;0;0;0;0;0;0;0
0;1;0,0384615384615385;0,153846153846154;-0,115384615384615;0;791;210;117
0;0;0;0;0;0;0;0;0
0;1;0,0454545454545455;0;0,0454545454545455;0;789;212;118
0;0;0;0;0;0;0;0;0
0;1;0,0869565217391304;0,0434782608695652;0,0434782608695652;0;787;214;121
0;0;0;0;0;0;0;0;0
0;1;0,08;0,04;0,04;0;785;216;125
0;0;0;0;0;0;0;0;0
0;1;0,0434782608695652;0,0869565217391304;-0,0434782608695652;0;783;218;128
0;0;0;0;0;0;0;0;0
0;1;0;0,105263157894737;-0,105263157894737;0;781;220;128
0;0;0;0;0;0;0;0;0
0;1;0;0;0;0;779;222;128
0;0;0;0;0;0;0;0;0
0;1;0,0625;0;0,0625;0;777;224;129
0;0;0;0;0;0;0;0;0
0;1;0,117647058823529;0;0,117647058823529;0;775;226;131
0;0;0;0;0;0;0;0;0
0;1;0,105263157894737;0;0,105263157894737;0;773;228;134
0;0;0;0;0;0;0;0;0
0;1;0,173913043478261;0;0,173913043478261;0;771;230;140
0;0;0;0;0;0;0;0;0
0;1;0;0;0;0;769;232;143
0;0;0;0;0;0;0;0;0
0;1;0,107142857142857;0,107142857142857;0;0;767;234;146
0;0;0;0;0;0;0;0;0
0;1;0,0625;0,0625;0;0;765;236;152
0;0;0;0;0;0;0;0;0
0;1;0,0344827586206897;0,103448275862069;-0,0689655172413793;0;763;238;153
0;0;0;0;0;0;0;0;0
0;1;0,037037037037037;0,037037037037037;0;0;761;240;155
0;0;0;0;0;0;0;0;0
0;1;0;0,111111111111111;-0,111111111111111;0;759;242;156
0;0;0;0;0;0;0;0;0
0;1;0;0,0454545454545455;-0,0454545454545455;0;757;244;156
0;0;0;0;0;0;0;0;0
0;1;0;0,05;-0,05;0;755;246;156
0;0;0;0;0;0;0;0;0
0;1;0,0526315789473684;0;0,0526315789473684;0;753;248;157
0;0;0;0;0;0;0;0;0
0;1;0,0476190476190476;0,19047619047619;-0,142857142857143;0;751;250;159
0;0;0;0;0;0;0;0;0
0;1;0;0;0;0;749;252;159
0;0;0;0;0;0;0;0;0
0;1;0,0555555555555556;0;0,0555555555555556;0;747;254;161
0;0;0;0;0;0;0;0;0
0;1;0;0;0;0;745;256;162
0;0;0;0;0;0;0;0;0
0;1;0,0434782608695652;0,130434782608696;-0,0869565217391304;0;743;258;167
0;0;0;0;0;0;0;0;0
0;1;0;0,0476190476190476;-0,0476190476190476;0;741;260;168
0;0;0;0;0;0;0;0;0
0;1;0;0;0;0;739;262;169
0;0;0;0;0;0;0;0;0
0;1;0;0;0;0;737;264;170
0;0;0;0;0;0;0;0;0
0;1;0;0;0;0;735;266;172
0;0;0;0;0;0;0;0;0
0;1;0,0434782608695652;0;0,0434782608695652;0;733;268;174
0;0;0;0;0;0;0;0;0
0;1;0,04;0,08;-0,04;0;731;270;176
0;0;0;0;0;0;0;0;0
0;1;0,04;0,04;0;0;729;272;179
0;0;0;0;0;0;0;0;0
0;1;0,037037037037037;0;0,037037037037037;0;727;274;182
0;0;0;0;0;0;0;0;0
0;1;0,0769230769230769;0,0384615384615385;0,0384615384615385;0;725;276;185
0;0;0;0;0;0;0;0;0
0;1;0,0714285714285714;0;0,0714285714285714;0;723;278;189
0;0;0;0;0;0;0;0;0
0;1;0,0645161290322581;0;0,0645161290322581;0;721;280;192
0;0;0;0;0;0;0;0;0
0;1;0,117647058823529;0;0,117647058823529;0;719;282;199
0;0;0;0;0;0;0;0;0
0;1;0,025;0;0,025;0;717;284;202
0;0;0;0;0;0;0;0;0
0;1;0,119047619047619;0,0238095238095238;0,0952380952380952;0;715;286;208
0;0;0;0;0;0;0;0;0
0;1;0,229166666666667;0;0,229166666666667;0;713;288;223
0;0;0;0;0;0;0;0;0
0;1;0,032258064516129;0,0806451612903226;-0,0483870967741935;0;711;290;232
0;0;0;0;0;0;0;0;0
0;1;0,0508474576271186;0;0,0508474576271186;0;709;292;238
0;0;0;0;0;0;0;0;0
0;1;0,0757575757575758;0,0454545454545455;0,0303030303030303;0;707;294;252
0;0;0;0;0;0;0;0;0
0;1;0,0588235294117647;0,0882352941176471;-0,0294117647058824;0;705;296;258
0;0;0;0;0;0;0;0;0
0;1;0,0563380281690141;0,0422535211267606;0,0140845070422535;0;703;298;269
0;0;0;0;0;0;0;0;0
0;1;0,0714285714285714;0,0428571428571429;0,0285714285714286;0;701;300;279
0;0;0;0;0;0;0;0;0
0;1;0,0144927536231884;0,159420289855072;-0,144927536231884;0;699;302;285
0;0;0;0;0;0;0;0;0
0;1;0,0392156862745098;0;0,0392156862745098;0;697;304;287
0;0;0;0;0;0;0;0;0
0;1;0,0377358490566038;0;0,0377358490566038;0;695;306;289
0;0;0;0;0;0;0;0;0
0;1;0,0175438596491228;0;0,0175438596491228;0;693;308;292
0;0;0;0;0;0;0;0;0
0;1;0,225806451612903;0,0161290322580645;0,209677419354839;0;691;310;311
0;0;0;0;0;0;0;0;0
0;1;0,13953488372093;0,0116279069767442;0,127906976744186;0;689;312;335
0;0;0;0;0;0;0;0;0
0;1;0,0909090909090909;0,0202020202020202;0,0707070707070707;0;687;314;352
0;0;0;0;0;0;0;0;0
0;1;0,0476190476190476;0,0761904761904762;-0,0285714285714286;0;685;316;362
0;0;0;0;0;0;0;0;0
0;1;0,058252427184466;0,087378640776699;-0,029126213592233;0;683;318;373
0;0;0;0;0;0;0;0;0
0;1;0,0408163265306122;0,0204081632653061;0,0204081632653061;0;681;320;384
0;0;0;0;0;0;0;0;0
0;1;0,0761904761904762;0,00952380952380952;0,0666666666666667;0;679;322;401
0;0;0;0;0;0;0;0;0
0;1;0,0446428571428571;0,00892857142857143;0,0357142857142857;0;677;324;413
0;0;0;0;0;0;0;0;0
0;1;0,100840336134454;0,0168067226890756;0,0840336134453782;0;675;326;430
0;0;0;0;0;0;0;0;0
0;1;0,119402985074627;0,0149253731343284;0,104477611940299;0;673;328;457
0;0;0;0;0;0;0;0;0
0;1;0,117283950617284;0,0246913580246914;0,0925925925925926;0;671;330;492
0;0;0;0;0;0;0;0;0
0;1;0,106382978723404;0,0372340425531915;0,0691489361702128;0;669;332;529
0;0;0;0;0;0;0;0;0
0;1;0,0618556701030928;0,118556701030928;-0,056701030927835;0;667;334;566
0;0;0;0;0;0;0;0;0
0;1;0,0346820809248555;0,069364161849711;-0,0346820809248555;0;665;336;583
0;0;0;0;0;0;0;0;0
0;1;0,0526315789473684;0,0175438596491228;0,0350877192982456;0;663;338;598
0;0;0;0;0;0;0;0;0
0;1;0,0695187165775401;0,0320855614973262;0,0374331550802139;0;661;340;625
0;0;0;0;0;0;0;0;0
0;1;0,0480769230769231;0,00961538461538462;0,0384615384615385;0;659;342;653
0;0;0;0;0;0;0;0;0
0;1;0,0818181818181818;0,00454545454545455;0,0772727272727273;0;657;344;680
0;0;0;0;0;0;0;0;0
0;1;0,075098814229249;0,0316205533596838;0,0434782608695652;0;655;346;720
0;0;0;0;0;0;0;0;0
0;1;0,11913357400722;0,0180505415162455;0,101083032490975;0;653;348;771
0;0;0;0;0;0;0;0;0
0;1;0,102167182662539;0,0371517027863777;0,065015479876161;0;651;350;835
0;0;0;0;0;0;0;0;0
0;1;0,0486322188449848;0,00303951367781155;0,0455927051671733;0;649;352;876
0;0;0;0;0;0;0;0;0
0;1;0,0336134453781513;0,0112044817927171;0,0224089635854342;0;647;354;904
0;0;0;0;0;0;0;0;0
0;1;0,0887728459530026;0,00783289817232376;0,0809399477806789;0;645;356;958
0;0;0;0;0;0;0;0;0
0;1;0,0694444444444444;0,0115740740740741;0,0578703703703704;0;643;358;1008
0;0;0;0;0;0;0;0;0
0;1;0,0942622950819672;0,0225409836065574;0,0717213114754098;0;641;360;1096
0;0;0;0;0;0;0;0;0
0;1;0,0622775800711744;0,0195729537366548;0,0427046263345196;0;639;362;1179
0;0;0;0;0;0;0;0;0
0;1;0,0619621342512909;0,00688468158347676;0,0550774526678141;0;637;364;1237
0;0;0;0;0;0;0;0;0
0;1;0,0824261275272162;0,0357698289269051;0,046656298600311;0;635;366;1335
0;0;0;0;0;0;0;0;0
0;1;0,048048048048048;0,039039039039039;0,00900900900900901;0;633;368;1399
0;0;0;0;0;0;0;0;0
0;1;0,142857142857143;0,0860058309037901;0,0568513119533528;0;631;370;1552
0;0;0;0;0;0;0;0;0
0;1;0,0618131868131868;0,0453296703296703;0,0164835164835165;0;629;372;1629
0;0;0;0;0;0;0;0;0
0;1;0,0269179004037685;0,0417227456258412;-0,0148048452220727;0;627;374;1677
0;0;0;0;0;0;0;0;0
0;1;0,043010752688172;0,0631720430107527;-0,0201612903225806;0;625;376;1739
0;0;0;0;0;0;0;0;0
0;1;0,049597855227882;0,0402144772117962;0,00938337801608579;0;623;378;1827
0;0;0;0;0;0;0;0;0
0;1;0,0625;0,0255102040816327;0,0369897959183673;0;621;380;1922
0;0;0;0;0;0;0;0;0
0;1;0,132544378698225;0,0355029585798817;0,0970414201183432;0;619;382;2086
0;0;0;0;0;0;0;0;0
0;1;0,107822410147992;0,0591966173361522;0,0486257928118393;0;617;384;2255
0;0;0;0;0;0;0;0;0
0;1;0,0575815738963532;0,0738963531669866;-0,0163147792706334;0;615;386;2420
0;0;0;0;0;0;0;0;0
0;1;0,0313513513513514;0,0897297297297297;-0,0583783783783784;0;613;388;2500
0;0;0;0;0;0;0;0;0
0;1;0,0188916876574307;0,0831234256926952;-0,0642317380352645;0;611;390;2541
0;0;0;0;0;0;0;0;0
0;1;0,0291666666666667;0,0166666666666667;0,0125;0;609;392;2580
0;0;0;0;0;0;0;0;0
0;1;0,0508940852819807;0,0563961485557084;-0,00550206327372765;0;607;394;2641
0;0;0;0;0;0;0;0;0
0;1;0,0565275908479139;0,0228802153432032;0,0336473755047106;0;605;396;2717
0;0;0;0;0;0;0;0;0
0;1;0,0521512385919166;0,0273794002607562;0,0247718383311604;0;603;398;2788
0;0;0;0;0;0;0;0;0
0;1;0,0240811153358682;0,0215462610899873;0,00253485424588086;0;601;400;2838
0;0;0;0;0;0;0;0;0
0;1;0,0763546798029557;0,00862068965517241;0,0677339901477833;0;599;402;2927
0;0;0;0;0;0;0;0;0
0;1;0,0990206746463547;0,0239390642002176;0,0750816104461371;0;597;404;3076
0;0;0;0;0;0;0;0;0
0;1;0,104339796860572;0,0101569713758079;0,0941828254847645;0;595;406;3297
0;0;0;0;0;0;0;0;0
0;1;0,0860719874804382;0,171361502347418;-0,0852895148669797;0;593;408;3541
0;0;0;0;0;0;0;0;0
0;1;0,0494728304947283;0,016220600162206;0,0332522303325223;0;591;410;3682
0;0;0;0;0;0;0;0;0
0;1;0,0736761320030698;0,0306983883346124;0,0429777436684574;0;589;412;3821
0;0;0;0;0;0;0;0;0
0;1;0,0613847251962884;0,0413990007137759;0,0199857244825125;0;587;414;3983
0;0;0;0;0;0;0;0;0
0;1;0,0450204638472033;0,0109140518417462;0,034106412005457;0;585;416;4115
0;0;0;0;0;0;0;0;0
0;1;0,0593939393939394;0,00909090909090909;0,0503030303030303;0;583;418;4372
0;0;0;0;0;0;0;0;0
0;1;0,133802816901408;0,0108342361863489;0,12296858071506;0;581;420;4739
0;0;0;0;0;0;0;0;0
0;1;0,101642254771416;0,0812250332889481;0,0204172214824678;0;579;422;5183
0;0;0;0;0;0;0;0;0
0;1;0,067717206132879;0,0477001703577513;0,0200170357751278;0;577;424;5484
0;0;0;0;0;0;0;0;0
0;1;0,0416666666666667;0,0894607843137255;-0,0477941176470588;0;575;426;5703
0;0;0;0;0;0;0;0;0
0;1;0,0320738137082601;0,0329525483304042;-0,000878734622144113;0;573;428;5879
0;0;0;0;0;0;0;0;0
0;1;0,0662337662337662;0,029004329004329;0,0372294372294372;0;571;430;6116
0;0;0;0;0;0;0;0;0
0;1;0,0945411392405063;0,0375791139240506;0,0569620253164557;0;569;432;6524
0;0;0;0;0;0;0;0;0
0;1;0,113052781740371;0,0313837375178317;0,0816690442225392;0;567;434;7046
0;0;0;0;0;0;0;0;0
0;1;0,121538461538462;0,0338461538461538;0,0876923076923077;0;565;436;7764
0;0;0;0;0;0;0;0;0
0;1;0,0770033933698773;0,0349778125815714;0,0420255807883059;0;563;438;8423
0;0;0;0;0;0;0;0;0
0;1;0,0799432355723746;0,0371333964049196;0,0428098391674551;0;561;440;9122
0;0;0;0;0;0;0;0;0
0;1;0,0518451437627349;0,00611274620783337;0,0457323975549015;0;559;442;9617
0;0;0;0;0;0;0;0;0
0;1;0,0463659147869674;0,0177527151211362;0,0286131996658312;0;557;444;10138
0;0;0;0;0;0;0;0;0
0;1;0,0437077702702703;0,0179476351351351;0,0257601351351351;0;555;446;10515
0;0;0;0;0;0;0;0;0
0;1;0,120085221770289;0,00697269029633934;0,113112531473949;0;553;448;11502
0;0;0;0;0;0;0;0;0
0;1;0,14709353791679;0,0249336087341399;0,12215992918265;0;551;450;13568
0;0;0;0;0;0;0;0;0
0;1;0,0966469428007889;0,0294697760761109;0,067177166724678;0;549;452;15495
0;0;0;0;0;0;0;0;0
0;1;0,113815929959428;0,0771941063420884;0,0366218236173393;0;547;454;17261
0;0;0;0;0;0;0;0;0
0;1;0,058298213927353;0,0123419626730885;0,0459562512542645;0;545;456;18503
0;0;0;0;0;0;0;0;0
0;1;0,0644462496615218;0,0969401570538857;-0,0324939073923639;0;543;458;19975
0;0;0;0;0;0;0;0;0
0;1;0,0628145063335069;0,0113656081901787;0,0514488981433281;0;541;460;21717
0;0;0;0;0;0;0;0;0
0;1;0,0947277169201671;0,0230908661045;0,0716368508156671;0;539;462;24026
0;0;0;0;0;0;0;0;0
0;1;0,136369881835669;0,0136026380873866;0,122767243748283;0;537;464;27296
0;0;0;0;0;0;0;0;0
0;1;0,0649342633170792;0,0759212394296648;-0,0109869761125856;0;535;466;29862
0;0;0;0;0;0;0;0;0
0;1;0,0384148290188559;0,0147651006711409;0,0236497283477149;0;533;468;31321
0;0;0;0;0;0;0;0;0
0;1;0,00246806935274881;0;0,00246806935274881;0;531;470;31675
0;0;0;0;0;0;0;0;0
0;1;0;0;0;0;529;472;31676
0;0;0;0;0;0;0;0;0
0;1;0;0;0;0;527;474;31676
0;0;0;0;0;0;0;0;0
0;1;0;0;0;0;525;476;31676
0;0;0;0;0;0;0;0;0
0;1;0,0126481242708909;0;0,0126481242708909;0;523;478;31921
0;0;0;0;0;0;0;0;0
0;1;0,00056785917092561;0;0,00056785917092561;0;521;480;33048
0;0;0;0;0;0;0;0;0
0;1;0,000623618118940983;0;0,000623618118940983;0;519;482;33078
0;0;0;0;0;0;0;0;0
0;1;0,000849425222266266;0;0,000849425222266266;0;517;484;33102
0;0;0;0;0;0;0;0;0
0;1;0,00851731480443797;0;0,00851731480443797;0;515;486;33426
0;0;0;0;0;0;0;0;0
0;1;0,00907291322995711;0;0,00907291322995711;0;513;488;33779
0;0;0;0;0;0;0;0;0
0;1;0,0101015557476232;0;0,0101015557476232;0;511;490;34127
0;0;0;0;0;0;0;0;0
0;1;0,00121783331568358;0,0756645133961665;-0,0744466800804829;0;509;492;34337
0;0;0;0;0;0;0;0;0
0;1;0,0377422838629;0;0,0377422838629;0;507;494;35114
0;0;0;0;0;0;0;0;0
0;1;0,00432639649507119;0,000273822562979189;0,004052573932092;0;505;496;35196
0;0;0;0;0;0;0;0;0
0;1;1,64084507042254;0;1,64084507042254;0;503;498;66362
0;0;0;0;0;0;0;0;0
0;0;0;0;0;0;0;0;0
0,25;1;0;0;0;0,00121265476036475;999;2;1
0;0;0;0;0;0;0;0;0
0,25;1;0;0;0;0,00339411625429326;997;4;1
0;0;0;0;0;0;0;0;0
0,25;1;0;0;0;0,000540074853095984;995;6;1
0;0;0;0;0;0;0;0;0
0,25;1;0;0;0;0,00119574474142704;993;8;4
0;0;0;0;0;0;0;0;0
0,25;1;0;0;0;0,00124792102756753;991;10;4
0;0;0;0;0;0;0;0;0
0,25;1;0;0;0;0,000644344310408551;989;12;4
0;0;0;0;0;0;0;0;0
0,25;1;0;0;0;0,000614445799396415;987;14;4
0;0;0;0;0;0;0;0;0
0,25;1;0;0;0;0,000330633727510257;985;16;4
0;0;0;0;0;0;0;0;0
0,25;1;0;0;0;0,000319503462081025;983;18;4
0;0;0;0;0;0;0;0;0
0,25;1;0;0;0;6,59477548650145e-05;981;20;4
0;0;0;0;0;0;0;0;0
0,25;1;0;0;0;0,00136397844591682;979;22;4
0;0;0;0;0;0;0;0;0
0,25;1;0;0,2;-0,2;0,00100988145776261;977;24;5
0;0;0;0;0;0;0;0;0
0,25;1;0;0;0;0,000113435887558841;975;26;5
0;0;0;0;0;0;0;0;0
0,25;1;0;0;0;0,00047097003015599;973;28;5
0;0;0;0;0;0;0;0;0
0,25;1;0;0;0;0,000668864151668702;971;30;6
0;0;0;0;0;0;0;0;0
0,25;1;0;0;0;0,000413012301083071;969;32;6
0;0;0;0;0;0;0;0;0
0,25;1;0;0;0;0,000238200478831621;967;34;6
0;0;0;0;0;0;0;0;0
0,25;1;0;0,2;-0,2;0,000182999100993383;965;36;7
0;0;0;0;0;0;0;0;0
0,25;1;0;0;0;0,00019087075091985;963;38;7
0;0;0;0;0;0;0;0;0
0,25;1;0;0;0;0,000239226042324528;961;40;8
0;0;0;0;0;0;0;0;0
0,25;1;0,2;0;0,2;7,9489650018616e-05;959;42;10
0;0;0;0;0;0;0;0;0
0,25;1;0,166666666666667;0;0,166666666666667;0,000298501491551935;957;44;11
0;0;0;0;0;0;0;0;0
0,25;1;0,142857142857143;0;0,142857142857143;0,000319473872184371;955;46;12
0;0;0;0;0;0;0;0;0
0,25;1;0;0,142857142857143;-0,142857142857143;0,000183538083964818;953;48;12
0;0;0;0;0;0;0;0;0
0,25;1;0;0;0;0,000323994365633832;951;50;12
0;0;0;0;0;0;0;0;0
0,25;1;0;0;0;5,25509070426663e-05;949;52;12
0;0;0;0;0;0;0;0;0
0,25;1;0,142857142857143;0;0,142857142857143;0,000315340960925305;947;54;14
0;0;0;0;0;0;0;0;0
0,25;1;0,375;0;0,375;0,00109308638233462;945;56;17
0;0;0;0;0;0;0;0;0
0,25;1;0;0;0;7,94064624474985e-05;943;58;17
0;0;0;0;0;0;0;0;0
0,25;1;0;0;0;0,000136593370956077;941;60;17
0;0;0;0;0;0;0;0;0
0,25;1;0;0;0;0,000106357191833258;939;62;17
0;0;0;0;0;0;0;0;0
0,25;1;0;0;0;0,000240697108635456;937;64;17
0;0;0;0;0;0;0;0;0
0,25;1;0;0;0;0,000119822442441272;935;66;17
0;0;0;0;0;0;0;0;0
0,25;1;0;0;0;5,37163630008129e-05;933;68;17
0;0;0;0;0;0;0;0;0
0,25;1;0;0;0;4,6079925844943e-06;931;70;17
0;0;0;0;0;0;0;0;0
0,25;1;0;0;0;8,53957460752856e-05;929;72;17
0;0;0;0;0;0;0;0;0
0,25;1;0;0;0;4,891266333011e-05;927;74;17
0;0;0;0;0;0;0;0;0
0,25;1;0;0;0;9,15778281018843e-05;925;76;17
0;0;0;0;0;0;0;0;0
0,25;1;0;0;0;0,000125199919751512;923;78;17
0;0;0;0;0;0;0;0;0
0,25;1;0;0;0;0,000121932819337407;921;80;17
0;0;0;0;0;0;0;0;0
0,25;1;0;0;0;2,65302489950058e-05;919;82;17
0;0;0;0;0;0;0;0;0
0,25;1;0;0;0;0,000227329352033951;917;84;18
0;0;0;0;0;0;0;0;0
0,25;1;0,0714285714285714;0,0714285714285714;0;0,000110231669760755;915;86;21
0;0;0;0;0;0;0;0;0
0,25;1;0;0;0;8,38686575996363e-05;913;88;21
0;0;0;0;0;0;0;0;0
0,25;1;0;0,0714285714285714;-0,0714285714285714;9,05261031554681e-06;911;90;21
0;0;0;0;0;0;0;0;0
0,25;1;0;0;0;1,67171536557701e-06;909;92;22
0;0;0;0;0;0;0;0;0
0,25;1;0;0;0;6,22644612058952e-07;907;94;25
0;0;0;0;0;0;0;0;0
0,25;1;0,117647058823529;0;0,117647058823529;1,63992957386006e-06;905;96;27
0;0;0;0;0;0;0;0;0
0,25;1;0;0;0;3,27307182795833e-07;903;98;28
0;0;0;0;0;0;0;0;0
0,25;1;0;0;0;7,50115198402956e-07;901;100;28
0;0;0;0;0;0;0;0;0
0,25;1;0,0476190476190476;0;0,0476190476190476;0;899;102;30
0;0;0;0;0;0;0;0;0
0,25;1;0;0;0;0;897;104;31
0;0;0;0;0;0;0;0;0
0,25;1;0,0740740740740741;0;0,0740740740740741;0;895;106;38
0;0;0;0;0;0;0;0;0
0,25;1;0;0,0967741935483871;-0,0967741935483871;0;893;108;40
0;0;0;0;0;0;0;0;0
0,25;1;0;0;0;0;891;110;40
0;0;0;0;0;0;0;0;0
0,25;1;0;0;0;0;889;112;40
0;0;0;0;0;0;0;0;0
0,25;1;0;0;0;0;887;114;40
0;0;0;0;0;0;0;0;0
0,25;1;0;0;0;0;885;116;40
0;0;0;0;0;0;0;0;0
0,25;1;0;0;0;0;883;118;40
0;0;0;0;0;0;0;0;0
0,25;1;0;0;0;0;881;120;40
0;0;0;0;0;0;0;0;0
0,25;1;0;0;0;0;879;122;40
0;0;0;0;0;0;0;0;0
0,25;1;0;0;0;0;877;124;40
0;0;0;0;0;0;0;0;0
0,25;1;0;0;0;0;875;126;40
0;0;0;0;0;0;0;0;0
0,25;1;0;0;0;0;873;128;40
0;0;0;0;0;0;0;0;0
0,25;1;0;0;0;0;871;130;40
0;0;0;0;0;0;0;0;0
0,25;1;0,0357142857142857;0;0,0357142857142857;0;869;132;41
0;0;0;0;0;0;0;0;0
0,25;1;0,0666666666666667;0;0,0666666666666667;0;867;134;45
0;0;0;0;0;0;0;0;0
0,25;1;0,0625;0;0,0625;0;865;136;47
0;0;0;0;0;0;0;0;0
0,25;1;0;0;0;0;863;138;47
0;0;0;0;0;0;0;0;0
0,25;1;0,0285714285714286;0;0,0285714285714286;0;861;140;50
0;0;0;0;0;0;0;0;0
0,25;1;0;0;0;0;859;142;60
0;0;0;0;0;0;0;0;0
0,25;1;0,136363636363636;0,0227272727272727;0,113636363636364;0;857;144;69
0;0;0;0;0;0;0;0;0
0,25;1;0,0188679245283019;0;0,0188679245283019;0;855;146;74
0;0;0;0;0;0;0;0;0
0,25;1;0,0344827586206897;0;0,0344827586206897;0;853;148;80
0;0;0;0;0;0;0;0;0
0,25;1;0;0,0655737704918033;-0,0655737704918033;0;851;150;81
0;0;0;0;0;0;0;0;0
0,25;1;0;0;0;0;849;152;81
0;0;0;0;0;0;0;0;0
0,25;1;0,0666666666666667;0;0,0666666666666667;0;847;154;88
0;0;0;0;0;0;0;0;0
0,25;1;0,15625;0;0,15625;0;845;156;107
0;0;0;0;0;0;0;0;0
0,25;1;0,0625;0;0,0625;0;843;158;118
0;0;0;0;0;0;0;0;0
0,25;1;0;0;0;0;841;160;118
0;0;0;0;0;0;0;0;0
0,25;1;0;0;0;0;839;162;119
0;0;0;0;0;0;0;0;0
0,25;1;0;0;0;0;837;164;119
0;0;0;0;0;0;0;0;0
0,25;1;0,0116279069767442;0,0116279069767442;0;0;835;166;120
0;0;0;0;0;0;0;0;0
0,25;1;0,0232558139534884;0;0,0232558139534884;0;833;168;122
0;0;0;0;0;0;0;0;0
0,25;1;0;0,0114942528735632;-0,0114942528735632;0;831;170;122
0;0;0;0;0;0;0;0;0
0,25;1;0,0232558139534884;0;0,0232558139534884;0;829;172;124
0;0;0;0;0;0;0;0;0
0,25;1;0;0;0;0;827;174;124
0;0;0;0;0;0;0;0;0
0,25;1;0;0;0;0;825;176;124
0;0;0;0;0;0;0;0;0
0,25;1;0;0,0113636363636364;-0,0113636363636364;0;823;178;124
0;0;0;0;0;0;0;0;0
0,25;1;0;0;0;0;821;180;126
0;0;0;0;0;0;0;0;0
0,25;1;0;0,010989010989011;-0,010989010989011;0;819;182;129
0;0;0;0;0;0;0;0;0
0,25;1;0,0549450549450549;0;0,0549450549450549;0;817;184;135
0;0;0;0;0;0;0;0;0
0,25;1;0,06;0;0,06;0;815;186;145
0;0;0;0;0;0;0;0;0
0,25;1;0,12037037037037;0;0,12037037037037;0;813;188;162
0;0;0;0;0;0;0;0;0
0,25;1;0,0247933884297521;0,0165289256198347;0,00826446280991736;0;811;190;165
0;0;0;0;0;0;0;0;0
0,25;1;0,176;0,008;0,168;0;809;192;191
0;0;0;0;0;0;0;0;0
0,25;1;0,12;0,0266666666666667;0,0933333333333333;0;807;194;213
0;0;0;0;0;0;0;0;0
0,25;1;0,0769230769230769;0;0,0769230769230769;0;805;196;245
0;0;0;0;0;0;0;0;0
0,25;1;0,0251256281407035;0,0753768844221105;-0,050251256281407;0;803;198;253
0;0;0;0;0;0;0;0;0
0,25;1;0,00515463917525773;0,0154639175257732;-0,0103092783505155;0;801;200;261
0;0;0;0;0;0;0;0;0
0,25;1;0,0263157894736842;0,0526315789473684;-0,0263157894736842;0;799;202;267
0;0;0;0;0;0;0;0;0
0,25;1;0,108247422680412;0,0103092783505155;0,0979381443298969;0;797;204;298
0;0;0;0;0;0;0;0;0
0,25;1;0,0995670995670996;0,00865800865800866;0,0909090909090909;0;795;206;349
0;0;0;0;0;0;0;0;0
0,25;1;0,0575539568345324;0,00719424460431655;0,0503597122302158;0;793;208;391
0;0;0;0;0;0;0;0;0
0,25;1;0,0162866449511401;0,0325732899022801;-0,0162866449511401;0;791;210;411
0;0;0;0;0;0;0;0;0
0,25;1;0,0066006600660066;0;0,0066006600660066;0;789;212;414
0;0;0;0;0;0;0;0;0
0,25;1;0,00328947368421053;0;0,00328947368421053;0;787;214;415
0;0;0;0;0;0;0;0;0
0,25;1;0;0;0;0;785;216;415
0;0;0;0;0;0;0;0;0
0,25;1;0,00655737704918033;0,00983606557377049;-0,00327868852459016;0;783;218;417
0;0;0;0;0;0;0;0;0
0,25;1;0,00967741935483871;0;0,00967741935483871;0;781;220;426
0;0;0;0;0;0;0;0;0
0,25;1;0,012779552715655;0,00319488817891374;0,00958466453674121;0;779;222;432
0;0;0;0;0;0;0;0;0
0,25;1;0,0252365930599369;0;0,0252365930599369;0;777;224;442
0;0;0;0;0;0;0;0;0
0,25;1;0,00314465408805031;0,0566037735849057;-0,0534591194968553;0;775;226;443
0;0;0;0;0;0;0;0;0
0,25;1;0,00666666666666667;0,0133333333333333;-0,00666666666666667;0;773;228;447
0;0;0;0;0;0;0;0;0
0,25;1;0,0528052805280528;0,0264026402640264;0,0264026402640264;0;771;230;468
0;0;0;0;0;0;0;0;0
0,25;1;0,0965732087227414;0,00311526479750779;0,0934579439252336;0;769;232;511
0;0;0;0;0;0;0;0;0
0,25;1;0,0708446866485014;0;0,0708446866485014;0;767;234;553
0;0;0;0;0;0;0;0;0
0,25;1;0,0292682926829268;0;0,0292682926829268;0;765;236;589
0;0;0;0;0;0;0;0;0
0,25;1;0,0298850574712644;0,0413793103448276;-0,0114942528735632;0;763;238;624
0;0;0;0;0;0;0;0;0
0,25;1;0,0154867256637168;0;0,0154867256637168;0;761;240;653
0;0;0;0;0;0;0;0;0
0,25;1;0,0155555555555556;0,00666666666666667;0,00888888888888889;0;759;242;663
0;0;0;0;0;0;0;0;0
0,25;1;0,0113851992409867;0,079696394686907;-0,0683111954459203;0;757;244;744
0;0;0;0;0;0;0;0;0
0,25;1;0,231517509727626;0;0,231517509727626;0;755;246;900
0;0;0;0;0;0;0;0;0
0,25;1;0,00719424460431655;0,00143884892086331;0,00575539568345324;0;753;248;968
0;0;0;0;0;0;0;0;0
0,25;1;0,00895522388059702;0,00149253731343284;0,00746268656716418;0;751;250;983
0;0;0;0;0;0;0;0;0
0,25;1;0,00147275405007364;0,0191458026509573;-0,0176730486008837;0;749;252;988
0;0;0;0;0;0;0;0;0
0,25;1;0,0468277945619335;0,00453172205438067;0,0422960725075529;0;747;254;1030
0;0;0;0;0;0;0;0;0
0,25;1;0,136950904392765;0,00129198966408269;0,135658914728682;0;745;256;1222
0;0;0;0;0;0;0;0;0
0,25;1;0,0407701019252548;0;0,0407701019252548;0;743;258;1283
0;0;0;0;0;0;0;0;0
0,25;1;0,0476730987514188;0,0204313280363224;0,0272417707150965;0;741;260;1358
0;0;0;0;0;0;0;0;0
0,25;1;0;0;0;0;739;262;1428
0;0;0;0;0;0;0;0;0
0,25;1;0,00102669404517454;0;0,00102669404517454;0;737;264;1429
0;0;0;0;0;0;0;0;0
0,25;1;0;0;0;0;735;266;1430
0;0;0;0;0;0;0;0;0
0,25;1;0,00307062436028659;0;0,00307062436028659;0;733;268;1434
0;0;0;0;0;0;0;0;0
0,25;1;0;0,00306435137895812;-0,00306435137895812;0;731;270;1434
0;0;0;0;0;0;0;0;0
0,25;1;0,00204498977505112;0;0,00204498977505112;0;729;272;1438
0;0;0;0;0;0;0;0;0
0,25;1;0,00305810397553517;0,00101936799184506;0,00203873598369011;0;727;274;1442
0;0;0;0;0;0;0;0;0
0,25;1;0,00100908173562059;0,00504540867810293;-0,00403632694248234;0;725;276;1451
0;0;0;0;0;0;0;0;0
0,25;1;0,0263157894736842;0,00303643724696356;0,0232793522267206;0;723;278;1480
0;0;0;0;0;0;0;0;0
0,25;1;0,0285996055226824;0;0,0285996055226824;0;721;280;1517
0;0;0;0;0;0;0;0;0
0,25;1;0,0596330275229358;0,0055045871559633;0,0541284403669725;0;719;282;1630
0;0;0;0;0;0;0;0;0
0,25;1;0,0304083405734144;0;0,0304083405734144;0;717;284;1673
0;0;0;0;0;0;0;0;0
0,25;1;0,0275974025974026;0;0,0275974025974026;0;715;286;1758
0;0;0;0;0;0;0;0;0
0,25;1;0,0241581259150805;0,0497803806734993;-0,0256222547584187;0;713;288;1892
0;0;0;0;0;0;0;0;0
0,25;1;0,0665220535068691;0;0,0665220535068691;0;711;290;2036
0;0;0;0;0;0;0;0;0
0,25;1;0,0205434062292909;0,0159045725646123;0,0046388336646786;0;709;292;2101
0;0;0;0;0;0;0;0;0
0,25;1;0,183621241202815;0;0,183621241202815;0;707;294;2437
0;0;0;0;0;0;0;0;0
0,25;1;0,0706378492356352;0,0163415919873484;0,0542962572482868;0;705;296;2618
0;0;0;0;0;0;0;0;0
0,25;1;0,0878975265017668;0,0432862190812721;0,0446113074204947;0;703;298;3213
0;0;0;0;0;0;0;0;0
0,25;1;0,00380228136882129;0,0371778622729193;-0,033375580904098;0;701;300;3233
0;0;0;0;0;0;0;0;0
0,25;1;0,011333914559721;0,000871839581517001;0,010462074978204;0;699;302;3269
0;0;0;0;0;0;0;0;0
0,25;1;0,00387409200968523;0,0682808716707022;-0,0644067796610169;0;697;304;3294
0;0;0;0;0;0;0;0;0
0,25;1;0,0801007556675063;0;0,0801007556675063;0;695;306;3506
0;0;0;0;0;0;0;0;0
0,25;1;0,184188741721854;0;0,184188741721854;0;693;308;4223
0;0;0;0;0;0;0;0;0
0,25;1;0,0958819913952059;0;0,0958819913952059;0;691;310;4928
0;0;0;0;0;0;0;0;0
0,25;1;0,00284752782811287;0,000258866166192079;0,00258866166192079;0;689;312;5236
0;0;0;0;0;0;0;0;0
0,25;1;0,00128667009778693;0,0018013381369017;-0,000514668039114771;0;687;314;5255
0;0;0;0;0;0;0;0;0
0,25;1;0,00180226570545829;0,000514933058702369;0,00128733264675592;0;685;316;5267
0;0;0;0;0;0;0;0;0
0,25;1;0,000770613922424865;0,000770613922424865;0;0;683;318;5274
0;0;0;0;0;0;0;0;0
0,25;1;0,000513083632632119;0;0,000513083632632119;0;681;320;5281
0;0;0;0;0;0;0;0;0
0,25;1;0,000256344527044348;0,000256344527044348;0;0;679;322;5283
0;0;0;0;0;0;0;0;0
0,25;1;0,00128106584678452;0;0,00128106584678452;0;677;324;5291
0;0;0;0;0;0;0;0;0
0,25;1;0,00153178452897626;0;0,00153178452897626;0;675;326;5306
0;0;0;0;0;0;0;0;0
0,25;1;0,000763358778625954;0;0,000763358778625954;0;673;328;5316
0;0;0;0;0;0;0;0;0
0,25;1;0,00710119198579762;0,000253613999492772;0,00684757798630484;0;671;330;5354
0;0;0;0;0;0;0;0;0
0,25;1;0,0065081351689612;0,000250312891113892;0,00625782227784731;0;669;332;5405
0;0;0;0;0;0;0;0;0
0,25;1;0,0671677982541222;0;0,0671677982541222;0;667;334;5786
0;0;0;0;0;0;0;0;0
0,25;1;0,0566237058947813;0,00190154236213818;0,0547221635326431;0;665;336;6407
0;0;0;0;0;0;0;0;0
0,25;1;0,0346205059920107;0,0051360091306829;0,0294844968613278;0;663;338;6986
0;0;0;0;0;0;0;0;0
0,25;1;0,00550256786500367;0,0570432868672047;-0,051540719002201;0;661;340;7209
0;0;0;0;0;0;0;0;0
0,25;1;0,000965810314854163;0,000579486188912498;0,000386324125941665;0;659;342;7220
0;0;0;0;0;0;0;0;0
0,25;1;0,000399680255795364;0,00839328537170264;-0,00799360511590727;0;657;344;7225
0;0;0;0;0;0;0;0;0
0,25;1;0,00464177598385469;0,000201816347124117;0,00443995963673057;0;655;346;7252
0;0;0;0;0;0;0;0;0
0,25;1;0,358425678257547;0,000955292319449752;0,357470385938097;0;653;348;9399
0;0;0;0;0;0;0;0;0
0,25;1;0,01428401380788;0,000119033448399;0,014164980359481;0;651;350;10818
0;0;0;0;0;0;0;0;0
0,25;1;0,00348068221371389;0,006265227984685;-0,00278454577097111;0;649;352;10947
0;0;0;0;0;0;0;0;0
0,25;1;0,000696945057497967;0,00278778022999187;-0,0020908351724939;0;647;354;10973
0;0;0;0;0;0;0;0;0
0,25;1;0,00162790697674419;0,00488372093023256;-0,00325581395348837;0;645;356;10998
0;0;0;0;0;0;0;0;0
0,25;1;0,020198440822112;0,00566973777462792;0,0145287030474841;0;643;358;11214
0;0;0;0;0;0;0;0;0
0,25;1;0,1759310421041;0,00364681180240911;0,172284230301691;0;641;360;13266
0;0;0;0;0;0;0;0;0
0,25;1;0,22067753275807;0;0,22067753275807;0;639;362;17936
0;0;0;0;0;0;0;0;0
0,25;1;0,0011615111871867;0,00275094754860007;-0,00158943636141338;0;637;364;19035
0;0;0;0;0;0;0;0;0
0,25;1;0,000428108372576601;0;0,000428108372576601;0;635;366;19073
0;0;0;0;0;0;0;0;0
0,25;1;0,00134408602150538;0,000183284457478006;0,00116080156402737;0;633;368;19105
0;0;0;0;0;0;0;0;0
0,25;1;0,00396124078249741;0;0,00396124078249741;0;631;370;19192
0;0;0;0;0;0;0;0;0
0,25;1;0,00151450899618344;6,05803598473375e-05;0,0014539286363361;0;629;372;19250
0;0;0;0;0;0;0;0;0
0,25;1;0,00126926563916591;0,000120882441825325;0,00114838319734059;0;627;374;19286
0;0;0;0;0;0;0;0;0
0,25;1;0,00827238940175039;0,000119889701474643;0,00815249970027575;0;625;376;19542
0;0;0;0;0;0;0;0;0
0,25;1;0,0023130300693909;0,00871834410770417;-0,00640531403831327;0;623;378;19626
0;0;0;0;0;0;0;0;0
0,25;1;0,00483408928145142;0,00047744091668656;0,00435664836476486;0;621;380;19743
0;0;0;0;0;0;0;0;0
0,25;1;0,00597951571842993;0,000177609377775147;0,00580190634065479;0;619;382;19953
0;0;0;0;0;0;0;0;0
0,25;1;0,00720720720720721;0,0003487358326068;0,00685847137460041;0;617;384;20317
0;0;0;0;0;0;0;0;0
0,25;1;0,0153061224489796;0,00617913832199546;0,00912698412698413;0;615;386;20909
0;0;0;0;0;0;0;0;0
0,25;1;0,0654691689008043;0,00241286863270777;0,0630563002680965;0;613;388;22979
0;0;0;0;0;0;0;0;0
0,25;1;0,00169228599633338;0,195647064353876;-0,193954778357542;0;611;390;24463
0;0;0;0;0;0;0;0;0
0,25;1;0,00104736413359711;0;0,00104736413359711;0;609;392;24520
0;0;0;0;0;0;0;0;0
0,25;1;0,00690175153694467;0;0,00690175153694467;0;607;394;24677
0;0;0;0;0;0;0;0;0
0,25;1;0,354761385922859;0;0,354761385922859;0;605;396;32184
0;0;0;0;0;0;0;0;0
0,25;1;0,0112481420479653;0;0,0112481420479653;0;603;398;32489
0;0;0;0;0;0;0;0;0
0,25;1;0,143326039387309;0;0,143326039387309;0;601;400;37621
0;0;0;0;0;0;0;0;0
0,25;1;0,0204710976970015;0;0,0204710976970015;0;599;402;38422
0;0;0;0;0;0;0;0;0
0,25;1;0,00631228171360825;0;0,00631228171360825;0;597;404;38722
0;0;0;0;0;0;0;0;0
0,25;1;0,00428150074529828;0;0,00428150074529828;0;595;406;38982
0;0;0;0;0;0;0;0;0
0,25;1;0,00606975500833412;3,14495078152027e-05;0,00603830550051892;0;593;408;39307
0;0;0;0;0;0;0;0;0
0,25;1;0,0278752134099022;0;0,0278752134099022;0;591;410;40431
0;0;0;0;0;0;0;0;0
0,25;1;0,0618235279207118;0;0,0618235279207118;0;589;412;49208
0;0;0;0;0;0;0;0;0
0;0;0;0;0;0;0;0;0
1;1;0;0;0;0,000108417619312851;999;2;1
0;0;0;0;0;0;0;0;0
1;1;0;0;0;0,000492608859258892;997;4;1
0;0;0;0;0;0;0;0;0
1;1;0;0;0;1,85983854791294e-05;995;6;1
0;0;0;0;0;0;0;0;0
1;1;0,1;0;0,1;0,00053241907310258;993;8;11
0;0;0;0;0;0;0;0;0
1;1;0;0;0;0,000642010248323383;991;10;11
0;0;0;0;0;0;0;0;0
1;1;0;0;0;0,0003263419313924;989;12;11
0;0;0;0;0;0;0;0;0
1;1;0;0;0;0,000252162299141474;987;14;11
0;0;0;0;0;0;0;0;0
1;1;0;0;0;0,000273898297494181;985;16;11
0;0;0;0;0;0;0;0;0
1;1;0;0;0;0,000170360505731627;983;18;12
0;0;0;0;0;0;0;0;0
1;1;0,0833333333333333;0;0,0833333333333333;0,000599823243965384;981;20;13
0;0;0;0;0;0;0;0;0
1;1;0,153846153846154;0;0,153846153846154;0,000556028829299752;979;22;15
0;0;0;0;0;0;0;0;0
1;1;0;0;0;0,000243655119125588;977;24;17
0;0;0;0;0;0;0;0;0
1;1;0;0;0;0,000206683316469881;975;26;17
0;0;0;0;0;0;0;0;0
1;1;0;0;0;0,000362691798169909;973;28;17
0;0;0;0;0;0;0;0;0
1;1;0,0588235294117647;0;0,0588235294117647;0,000233222327776274;971;30;18
0;0;0;0;0;0;0;0;0
1;1;0;0;0;0,000489011905274765;969;32;18
0;0;0;0;0;0;0;0;0
1;1;0;0;0;0,000179679183331394;967;34;18
0;0;0;0;0;0;0;0;0
1;1;0;0;0;0,000149324548378852;965;36;18
0;0;0;0;0;0;0;0;0
1;1;0;0;0;0,000183551609918801;963;38;18
0;0;0;0;0;0;0;0;0
1;1;0;0;0;0,000120088088728408;961;40;41
0;0;0;0;0;0;0;0;0
1;1;0;0;0;3,32280988530244e-05;959;42;41
0;0;0;0;0;0;0;0;0
1;1;0;0;0;5,81844344900853e-05;957;44;44
0;0;0;0;0;0;0;0;0
1;1;0,0238095238095238;0;0,0238095238095238;2,13763633763358e-05;955;46;46
0;0;0;0;0;0;0;0;0
1;1;0;0;0;4,07706287801161e-05;953;48;51
0;0;0;0;0;0;0;0;0
1;1;0;0;0;5,44552448189309e-05;951;50;51
0;0;0;0;0;0;0;0;0
1;1;0,0238095238095238;0;0,0238095238095238;3,72308704899175e-05;949;52;52
0;0;0;0;0;0;0;0;0
1;1;0,0434782608695652;0;0,0434782608695652;4,74026501818415e-05;947;54;57
0;0;0;0;0;0;0;0;0
1;1;0;0,0980392156862745;-0,0980392156862745;5,90752288741216e-05;945;56;60
0;0;0;0;0;0;0;0;0
1;1;0;0;0;5,79421102521455e-05;943;58;71
0;0;0;0;0;0;0;0;0
1;1;0;0;0;5,42186067682908e-05;941;60;76
0;0;0;0;0;0;0;0;0
1;1;0;0;0;1,58595800952709e-05;939;62;76
0;0;0;0;0;0;0;0;0
1;1;0;0;0;2,64547000723801e-05;937;64;76
0;0;0;0;0;0;0;0;0
1;1;0,0161290322580645;0;0,0161290322580645;5,42105363800612e-05;935;66;77
0;0;0;0;0;0;0;0;0
1;1;0,0158730158730159;0;0,0158730158730159;6,53546168351754e-05;933;68;78
0;0;0;0;0;0;0;0;0
1;1;0,109375;0;0,109375;2,50657935648062e-05;931;70;85
0;0;0;0;0;0;0;0;0
1;1;0;0;0;8,67110392532643e-05;929;72;86
0;0;0;0;0;0;0;0;0
1;1;0,424657534246575;0;0,424657534246575;0,000373907871564985;927;74;118
0;0;0;0;0;0;0;0;0
1;1;0;0;0;2,38645745722333e-06;925;76;118
0;0;0;0;0;0;0;0;0
1;1;0,0192307692307692;0;0,0192307692307692;9,4725367293268e-06;923;78;120
0;0;0;0;0;0;0;0;0
1;1;0,00943396226415094;0;0,00943396226415094;1,23501452629082e-05;921;80;121
0;0;0;0;0;0;0;0;0
1;1;0,00934579439252336;0;0,00934579439252336;2,00670967990921e-05;919;82;122
0;0;0;0;0;0;0;0;0
1;1;0;0,0275229357798165;-0,0275229357798165;0,000187465700835187;917;84;123
0;0;0;0;0;0;0;0;0
1;1;0,00943396226415094;0;0,00943396226415094;7,52962948151512e-05;915;86;124
0;0;0;0;0;0;0;0;0
1;1;0;0;0;5,88347650585117e-05;913;88;124
0;0;0;0;0;0;0;0;0
1;1;1,51851851851852;0;1,51851851851852;0,000254910141214429;911;90;289
0;0;0;0;0;0;0;0;0
1;1;0;0;0;1,32903411979105e-05;909;92;290
0;0;0;0;0;0;0;0;0
1;1;0,0501792114695341;0;0,0501792114695341;2,96084393788851e-05;907;94;310
0;0;0;0;0;0;0;0;0
1;1;0,0136518771331058;0;0,0136518771331058;6,71901700546977e-06;905;96;314
0;0;0;0;0;0;0;0;0
1;1;0,117647058823529;0;0,117647058823529;7,37739437908943e-06;903;98;359
0;0;0;0;0;0;0;0;0
1;1;0,00291545189504373;0;0,00291545189504373;4,51977889204808e-06;901;100;361
0;0;0;0;0;0;0;0;0
1;1;0;0,118840579710145;-0,118840579710145;7,22563932800734e-06;899;102;363
0;0;0;0;0;0;0;0;0
1;1;0,0228758169934641;0;0,0228758169934641;1,49499493768019e-05;897;104;372
0;0;0;0;0;0;0;0;0
1;1;0,0175438596491228;0;0,0175438596491228;3,10492313166228e-06;895;106;407
0;0;0;0;0;0;0;0;0
1;1;0,191044776119403;0,0119402985074627;0,17910447761194;4,21330087524862e-05;893;108;486
0;0;0;0;0;0;0;0;0
1;1;0,0936708860759494;0;0,0936708860759494;3,46409471420989e-06;891;110;524
0;0;0;0;0;0;0;0;0
1;1;0;0;0;7,33957881791941e-06;889;112;525
0;0;0;0;0;0;0;0;0
1;1;0;0;0;1,02890183998561e-05;887;114;525
0;0;0;0;0;0;0;0;0
1;1;0;0;0;7,2553144649098e-06;885;116;525
0;0;0;0;0;0;0;0;0
1;1;0;0;0;2,91588006419191e-06;883;118;527
0;0;0;0;0;0;0;0;0
1;1;0,0114155251141553;0;0,0114155251141553;8,12457708508788e-06;881;120;535
0;0;0;0;0;0;0;0;0
1;1;0,0416666666666667;0;0,0416666666666667;2,07022718154549e-05;879;122;592
0;0;0;0;0;0;0;0;0
1;1;0,0259481037924152;0;0,0259481037924152;7,32989696707815e-06;877;124;606
0;0;0;0;0;0;0;0;0
1;1;0,00278940027894003;0;0,00278940027894003;4,53289830557488e-06;875;126;811
0;0;0;0;0;0;0;0;0
1;1;0,00277777777777778;0;0,00277777777777778;5,86037680152545e-07;873;128;814
0;0;0;0;0;0;0;0;0
1;1;0,00413223140495868;0;0,00413223140495868;1,27446852900404e-05;871;130;821
0;0;0;0;0;0;0;0;0
1;1;0,00273972602739726;0;0,00273972602739726;2,66198408591283e-06;869;132;824
0;0;0;0;0;0;0;0;0
1;1;0,00272479564032698;0;0,00272479564032698;7,94292676920554e-06;867;134;828
0;0;0;0;0;0;0;0;0
1;1;0,00416666666666667;0;0,00416666666666667;9,11828867821121e-06;865;136;836
0;0;0;0;0;0;0;0;0
1;1;0,00412087912087912;0;0,00412087912087912;8,46548304761085e-06;863;138;844
0;0;0;0;0;0;0;0;0
1;1;0,0109439124487004;0;0,0109439124487004;5,69526404513213e-06;861;140;852
0;0;0;0;0;0;0;0;0
1;1;0,000544069640914037;0;0,000544069640914037;3,86512865235335e-06;859;142;1952
0;0;0;0;0;0;0;0;0
1;1;0,0150214592274678;0;0,0150214592274678;1,36550802911057e-06;857;144;2005
0;0;0;0;0;0;0;0;0
1;1;0,00298953662182362;0;0,00298953662182362;2,77075496016129e-06;855;146;2126
0;0;0;0;0;0;0;0;0
1;1;0,0246426811237063;0;0,0246426811237063;2,06184019287188e-06;853;148;2192
0;0;0;0;0;0;0;0;0
1;1;0,000427899015832264;0;0,000427899015832264;3,42776430086332e-06;851;150;2451
0;0;0;0;0;0;0;0;0
1;1;0,00341005967604433;0,00426257459505541;-0,000852514919011083;1,15331948434088e-06;849;152;2467
0;0;0;0;0;0;0;0;0
1;1;0,00584225900681597;0;0,00584225900681597;2,32301093741443e-06;847;154;2486
0;0;0;0;0;0;0;0;0
1;1;0,108623153882801;0;0,108623153882801;2,79976269642248e-06;845;156;2747
0;0;0;0;0;0;0;0;0
1;1;0,0389937106918239;0,0834381551362683;-0,0444444444444444;1,9696803268495e-06;843;158;2898
0;0;0;0;0;0;0;0;0
1;1;0,00519095291064145;0,00148312940304042;0,00370782350760104;2,50278921480708e-06;841;160;3339
0;0;0;0;0;0;0;0;0
1;1;0,000677966101694915;0;0,000677966101694915;1,75620143396731e-06;839;162;3584
0;0;0;0;0;0;0;0;0
1;1;0,00101522842639594;0;0,00101522842639594;1,89319114353088e-06;837;164;3590
0;0;0;0;0;0;0;0;0
1;1;0;0;0;9,33933171840224e-07;835;166;3591
0;0;0;0;0;0;0;0;0
1;1;0,00202771206488679;0;0,00202771206488679;1,65323916490788e-06;833;168;3597
0;0;0;0;0;0;0;0;0
1;1;0,00403090359422237;0;0,00403090359422237;1,46390533151211e-06;831;170;3621
0;0;0;0;0;0;0;0;0
1;1;0,0959040959040959;0;0,0959040959040959;3,0062216755682e-06;829;172;3923
0;0;0;0;0;0;0;0;0
1;1;0,00733137829912024;0;0,00733137829912024;2,29988814128795e-06;827;174;4067
0;0;0;0;0;0;0;0;0
1;1;0,373419499859511;0;0,373419499859511;2,45527132471313e-06;825;176;5520
0;0;0;0;0;0;0;0;0
1;1;0,00367797302819779;0;0,00367797302819779;3,99993855174559e-07;823;178;5544
0;0;0;0;0;0;0;0;0
1;1;0,00405679513184584;0;0,00405679513184584;1,3033962668409e-07;821;180;5582
0;0;0;0;0;0;0;0;0
1;1;0,00321608040201005;0;0,00321608040201005;5,33161550423818e-07;819;182;5623
0;0;0;0;0;0;0;0;0
1;1;0,0012;0;0,0012;2,35271548411065e-07;817;184;5638
0;0;0;0;0;0;0;0;0
1;1;0,00219036240541617;0,0195141377937077;-0,0173237753882915;6,16428243200958e-06;815;186;5665
0;0;0;0;0;0;0;0;0
1;1;0,0177383592017738;0;0,0177383592017738;1,14282545684145e-06;813;188;5779
0;0;0;0;0;0;0;0;0
1;1;0,00196850393700787;0,000196850393700787;0,00177165354330709;9,98320569825944e-07;811;190;5820
0;0;0;0;0;0;0;0;0
1;1;1,4763198757764;0;1,4763198757764;1,04201931669735e-05;809;192;13489
0;0;0;0;0;0;0;0;0
1;1;0,00822368421052632;0;0,00822368421052632;5,42129843756058e-07;807;194;13604
0;0;0;0;0;0;0;0;0
1;1;0,0505866219716593;0;0,0505866219716593;6,17588805394836e-07;805;196;14521
0;0;0;0;0;0;0;0;0
1;1;0,00989741366854501;0;0,00989741366854501;1,93631849813989e-07;803;198;14710
0;0;0;0;0;0;0;0;0
1;1;0,123958843704067;0;0,123958843704067;3,00266187648089e-07;801;200;16789
0;0;0;0;0;0;0;0;0
1;1;0,00484532240029817;0;0,00484532240029817;1,39343544315926e-07;799;202;16907
0;0;0;0;0;0;0;0;0
1;1;0,0040382703777336;0,122949801192843;-0,118911530815109;3,52237629692124e-07;797;204;17015
0;0;0;0;0;0;0;0;0
1;1;0,0167837078651685;0;0,0167837078651685;8,79563291098345e-07;795;206;17312
0;0;0;0;0;0;0;0;0
1;1;0,0268767377201112;0;0,0268767377201112;4,52233503392016e-07;793;208;19453
0;0;0;0;0;0;0;0;0
1;1;0,190122349625264;0,00454807507526744;0,185574274549997;1,531042306537e-06;791;210;22939
0;0;0;0;0;0;0;0;0
1;1;0,0937516847269395;0;0,0937516847269395;3,05278443456663e-07;789;212;24754
0;0;0;0;0;0;0;0;0
1;1;0,00127889818002951;0;0,00127889818002951;1,52957695733126e-07;787;214;24822
0;0;0;0;0;0;0;0;0
1;1;9,82077093051805e-05;0;9,82077093051805e-05;1,25835418608021e-07;785;216;24833
0;0;0;0;0;0;0;0;0
1;1;0,000981932443047918;0;0,000981932443047918;1,25797798114884e-07;783;218;24854
0;0;0;0;0;0;0;0;0
1;1;0,00279015125556806;0;0,00279015125556806;1,19968555383633e-07;781;220;24952
0;0;0;0;0;0;0;0;0
1;1;0,00355023830366696;0;0,00355023830366696;5,09070298429616e-07;779;222;25101
0;0;0;0;0;0;0;0;0
1;1;0,0336108266927837;0;0,0336108266927837;3,89372452172446e-07;777;224;27684
0;0;0;0;0;0;0;0;0
1;1;0,0384615384615385;0;0,0384615384615385;2,38551126400068e-07;775;226;28739
0;0;0;0;0;0;0;0;0
1;1;0,00227497231119227;0;0,00227497231119227;1,12151893380771e-07;773;228;37949
0;0;0;0;0;0;0;0;0
1;1;0,00440070173351967;0;0,00440070173351967;4,49254030366972e-08;771;230;38245
0;0;0;0;0;0;0;0;0
1;1;0,0040650406504065;0;0,0040650406504065;5,241490647926e-08;769;232;38552
0;0;0;0;0;0;0;0;0
1;1;0,00178519168861574;0;0,00178519168861574;3,85187723500168e-08;767;234;38697
0;0;0;0;0;0;0;0;0
1;1;0,00347019713052607;0;0,00347019713052607;1,58072298356799e-07;765;236;38877
0;0;0;0;0;0;0;0;0
1;1;0,00377971356858113;0;0,00377971356858113;1,66205875888654e-07;763;238;39109
0;0;0;0;0;0;0;0;0
1;1;0,00410214929512364;0;0,00410214929512364;9,4927214883583e-08;761;240;39874
0;0;0;0;0;0;0;0;0
1;1;0,0133226139887447;0;0,0133226139887447;1,51969155688435e-07;759;242;40420
0;0;0;0;0;0;0;0;0
0;0;0;0;0;0;0;0;0
0;0;0;0;0;0;0;0;0
0;0;0;0;0;0;0;0;0
0;0;0;0;0;0;0;0;0
0;0;0;0;0;0;0;0;0
0;0;0;0;0;0;0;0;0
0;0;0;0;0;0;0;0;0
0;0;0;0;0;0;0;0;0
0;0;0;0;0;0;0;0;0
0;0;0;0;0;0;0;0;0
0;0;0;0;0;0;0;0;0
0;0;0;0;0;0;0;0;0
0;0;0;0;0;0;0;0;0
0;0;0;0;0;0;0;0;0
0;0;0;0;0;0;0;0;0
0;0;0;0;0;0;0;0;0
0;0;0;0;0;0;0;0;0
0;0;0;0;0;0;0;0;0
0;0;0;0;0;0;0;0;0
0;0;0;0;0;0;0;0;0
0;0;0;0;0;0;0;0;0
0;0;0;0;0;0;0;0;0
0;0;0;0;0;0;0;0;0
0;0;0;0;0;0;0;0;0
0;0;0;0;0;0;0;0;0
0;0;0;0;0;0;0;0;0
0;0;0;0;0;0;0;0;0
0;0;0;0;0;0;0;0;0
0;0;0;0;0;0;0;0;0
0;0;0;0;0;0;0;0;0
0;0;0;0;0;0;0;0;0
0;0;0;0;0;0;0;0;0
0;0;0;0;0;0;0;0;0
0;0;0;0;0;0;0;0;0
0;0;0;0;0;0;0;0;0
0;0;0;0;0;0;0;0;0
0;0;0;0;0;0;0;0;0
0;0;0;0;0;0;0;0;0
0;0;0;0;0;0;0;0;0
0;0;0;0;0;0;0;0;0
0;0;0;0;0;0;0;0;0
0;0;0;0;0;0;0;0;0
0;0;0;0;0;0;0;0;0
0;0;0;0;0;0;0;0;0
0;0;0;0;0;0;0;0;0
0;0;0;0;0;0;0;0;0
0;0;0;0;0;0;0;0;0
0;0;0;0;0;0;0;0;0
0;0;0;0;0;0;0;0;0
0;0;0;0;0;0;0;0;0
0;0;0;0;0;0;0;0;0
0;0;0;0;0;0;0;0;0
0;0;0;0;0;0;0;0;0
0;0;0;0;0;0;0;0;0
0;0;0;0;0;0;0;0;0
0;0;0;0;0;0;0;0;0
0;0;0;0;0;0;0;0;0
0;0;0;0;0;0;0;0;0
0;0;0;0;0;0;0;0;0
0;0;0;0;0;0;0;0;0
0;0;0;0;0;0;0;0;0
0;0;0;0;0;0;0;0;0
0;0;0;0;0;0;0;0;0
0;0;0;0;0;0;0;0;0
0;0;0;0;0;0;0;0;0
0;0;0;0;0;0;0;0;0
0;0;0;0;0;0;0;0;0
0;0;0;0;0;0;0;0;0
0;0;0;0;0;0;0;0;0
0;0;0;0;0;0;0;0;0
0;0;0;0;0;0;0;0;0
0;0;0;0;0;0;0;0;0
0;0;0;0;0;0;0;0;0
0;0;0;0;0;0;0;0;0
0;0;0;0;0;0;0;0;0
0;0;0;0;0;0;0;0;0
0;0;0;0;0;0;0;0;0
0;0;0;0;0;0;0;0;0
0;0;0;0;0;0;0;0;0
0;0;0;0;0;0;0;0;0
0;0;0;0;0;0;0;0;0
0;0;0;0;0;0;0;0;0
0;0;0;0;0;0;0;0;0
0;0;0;0;0;0;0;0;0
0;0;0;0;0;0;0;0;0
0;0;0;0;0;0;0;0;0
0;0;0;0;0;0;0;0;0
0;0;0;0;0;0;0;0;0
0;0;0;0;0;0;0;0;0
0;0;0;0;0;0;0;0;0
0;0;0;0;0;0;0;0;0
0;0;0;0;0;0;0;0;0
0;0;0;0;0;0;0;0;0
0;0;0;0;0;0;0;0;0
0;0;0;0;0;0;0;0;0
0;0;0;0;0;0;0;0;0
0;0;0;0;0;0;0;0;0
0;0;0;0;0;0;0;0;0
0;0;0;0;0;0;0;0;0
0;0;0;0;0;0;0;0;0
0;0;0;0;0;0;0;0;0
0;0;0;0;0;0;0;0;0
0;0;0;0;0;0;0;0;0
0;0;0;0;0;0;0;0;0
0;0;0;0;0;0;0;0;0
0;0;0;0;0;0;0;0;0
0;0;0;0;0;0;0;0;0
0;0;0;0;0;0;0;0;0
0;0;0;0;0;0;0;0;0
0;0;0;0;0;0;0;0;0
0;0;0;0;0;0;0;0;0
0;0;0;0;0;0;0;0;0
0;0;0;0;0;0;0;0;0
0;0;0;0;0;0;0;0;0
0;0;0;0;0;0;0;0;0
0;0;0;0;0;0;0;0;0
0;0;0;0;0;0;0;0;0
0;0;0;0;0;0;0;0;0
0;0;0;0;0;0;0;0;0
0;0;0;0;0;0;0;0;0
0;0;0;0;0;0;0;0;0
0;0;0;0;0;0;0;0;0
0;0;0;0;0;0;0;0;0
0;0;0;0;0;0;0;0;0
0;0;0;0;0;0;0;0;0
0;0;0;0;0;0;0;0;0
0;0;0;0;0;0;0;0;0
0;0;0;0;0;0;0;0;0
0;0;0;0;0;0;0;0;0
0;0;0;0;0;0;0;0;0
0;0;0;0;0;0;0;0;0
0;0;0;0;0;0;0;0;0
0;0;0;0;0;0;0;0;0
0;0;0;0;0;0;0;0;0
0;0;0;0;0;0;0;0;0
0;0;0;0;0;0;0;0;0
0;0;0;0;0;0;0;0;0
0;0;0;0;0;0;0;0;0
0;0;0;0;0;0;0;0;0
0;0;0;0;0;0;0;0;0
0;0;0;0;0;0;0;0;0
0;0;0;0;0;0;0;0;0
0;0;0;0;0;0;0;0;0
0;0;0;0;0;0;0;0;0
0;0;0;0;0;0;0;0;0
0;0;0;0;0;0;0;0;0
0;0;0;0;0;0;0;0;0
0;0;0;0;0;0;0;0;0
0;0;0;0;0;0;0;0;0
0;0;0;0;0;0;0;0;0
0;0;0;0;0;0;0;0;0
0;0;0;0;0;0;0;0;0
0;0;0;0;0;0;0;0;0
0;0;0;0;0;0;0;0;0
0;0;0;0;0;0;0;0;0
0;0;0;0;0;0;0;0;0
0;0;0;0;0;0;0;0;0
0;0;0;0;0;0;0;0;0
0;0;0;0;0;0;0;0;0
0;0;0;0;0;0;0;0;0
0;0;0;0;0;0;0;0;0
0;0;0;0;0;0;0;0;0
0;0;0;0;0;0;0;0;0
0;0;0;0;0;0;0;0;0
0;0;0;0;0;0;0;0;0
0;0;0;0;0;0;0;0;0
0;0;0;0;0;0;0;0;0
0;0;0;0;0;0;0;0;0
0;0;0;0;0;0;0;0;0
0;0;0;0;0;0;0;0;0
0;0;0;0;0;0;0;0;0
0;0;0;0;0;0;0;0;0
0;0;0;0;0;0;0;0;0
0;0;0;0;0;0;0;0;0
0;0;0;0;0;0;0;0;0
0;0;0;0;0;0;0;0;0
0;0;0;0;0;0;0;0;0
0;0;0;0;0;0;0;0;0
0;0;0;0;0;0;0;0;0
0;0;0;0;0;0;0;0;0
0;0;0;0;0;0;0;0;0
0;0;0;0;0;0;0;0;0
0;0;0;0;0;0;0;0;0
0;0;0;0;0;0;0;0;0
0;0;0;0;0;0;0;0;0
0;0;0;0;0;0;0;0;0
0;0;0;0;0;0;0;0;0
0;0;0;0;0;0;0;0;0
0;0;0;0;0;0;0;0;0
0;0;0;0;0;0;0;0;0
0;0;0;0;0;0;0;0;0
0;0;0;0;0;0;0;0;0
0;0;0;0;0;0;0;0;0
0;0;0;0;0;0;0;0;0
0;0;0;0;0;0;0;0;0
0;0;0;0;0;0;0;0;0
0;0;0;0;0;0;0;0;0
0;0;0;0;0;0;0;0;0
0;0;0;0;0;0;0;0;0
0;0;0;0;0;0;0;0;0
0;0;0;0;0;0;0;0;0
0;0;0;0;0;0;0;0;0
0;0;0;0;0;0;0;0;0
0;0;0;0;0;0;0;0;0
0;0;0;0;0;0;0;0;0
0;0;0;0;0;0;0;0;0
0;0;0;0;0;0;0;0;0
0;0;0;0;0;0;0;0;0
0;0;0;0;0;0;0;0;0
0;0;0;0;0;0;0;0;0
0;0;0;0;0;0;0;0;0
0;0;0;0;0;0;0;0;0
0;0;0;0;0;0;0;0;0
0;0;0;0;0;0;0;0;0
0;0;0;0;0;0;0;0;0
0;0;0;0;0;0;0;0;0
0;0;0;0;0;0;0;0;0
0;0;0;0;0;0;0;0;0
0;0;0;0;0;0;0;0;0
0;0;0;0;0;0;0;0;0
0;0;0;0;0;0;0;0;0
0;0;0;0;0;0;0;0;0
0;0;0;0;0;0;0;0;0
0;0;0;0;0;0;0;0;0
0;0;0;0;0;0;0;0;0
0;0;0;0;0;0;0;0;0
0;0;0;0;0;0;0;0;0
0;0;0;0;0;0;0;0;0
0;0;0;0;0;0;0;0;0
0;0;0;0;0;0;0;0;0
0;0;0;0;0;0;0;0;0
0;0;0;0;0;0;0;0;0
0;0;0;0;0;0;0;0;0
0;0;0;0;0;0;0;0;0
0;0;0;0;0;0;0;0;0
0;0;0;0;0;0;0;0;0
0;0;0;0;0;0;0;0;0
0;0;0;0;0;0;0;0;0
0;0;0;0;0;0;0;0;0
0;0;0;0;0;0;0;0;0
0;0;0;0;0;0;0;0;0
0;0;0;0;0;0;0;0;0
0;0;0;0;0;0;0;0;0
0;0;0;0;0;0;0;0;0
0;0;0;0;0;0;0;0;0
0;0;0;0;0;0;0;0;0
0;0;0;0;0;0;0;0;0
0;0;0;0;0;0;0;0;0
0;0;0;0;0;0;0;0;0
0;0;0;0;0;0;0;0;0
0;0;0;0;0;0;0;0;0
0;0;0;0;0;0;0;0;0
0;0;0;0;0;0;0;0;0
0;0;0;0;0;0;0;0;0
0;0;0;0;0;0;0;0;0
0;0;0;0;0;0;0;0;0
0;0;0;0;0;0;0;0;0
0;0;0;0;0;0;0;0;0
0;0;0;0;0;0;0;0;0
0;0;0;0;0;0;0;0;0
0;0;0;0;0;0;0;0;0
0;0;0;0;0;0;0;0;0
0;0;0;0;0;0;0;0;0
0;0;0;0;0;0;0;0;0
0;0;0;0;0;0;0;0;0
0;0;0;0;0;0;0;0;0
0;0;0;0;0;0;0;0;0
0;0;0;0;0;0;0;0;0
0;0;0;0;0;0;0;0;0
0;0;0;0;0;0;0;0;0
0;0;0;0;0;0;0;0;0
0;0;0;0;0;0;0;0;0
0;0;0;0;0;0;0;0;0
0;0;0;0;0;0;0;0;0
0;0;0;0;0;0;0;0;0
0;0;0;0;0;0;0;0;0
0;0;0;0;0;0;0;0;0
0;0;0;0;0;0;0;0;0
0;0;0;0;0;0;0;0;0
0;0;0;0;0;0;0;0;0
0;0;0;0;0;0;0;0;0
0;0;0;0;0;0;0;0;0
0;0;0;0;0;0;0;0;0
0;0;0;0;0;0;0;0;0
0;0;0;0;0;0;0;0;0
0;0;0;0;0;0;0;0;0
0;0;0;0;0;0;0;0;0
0;0;0;0;0;0;0;0;0
0;0;0;0;0;0;0;0;0
0;0;0;0;0;0;0;0;0
0;0;0;0;0;0;0;0;0
0;0;0;0;0;0;0;0;0
0;0;0;0;0;0;0;0;0
0;0;0;0;0;0;0;0;0
0;0;0;0;0;0;0;0;0
0;0;0;0;0;0;0;0;0
0;0;0;0;0;0;0;0;0
0;0;0;0;0;0;0;0;0
0;0;0;0;0;0;0;0;0
0;0;0;0;0;0;0;0;0
0;0;0;0;0;0;0;0;0
0;0;0;0;0;0;0;0;0
0;0;0;0;0;0;0;0;0
0;0;0;0;0;0;0;0;0
0;0;0;0;0;0;0;0;0
0;0;0;0;0;0;0;0;0
0;0;0;0;0;0;0;0;0
0;0;0;0;0;0;0;0;0
0;0;0;0;0;0;0;0;0
0;0;0;0;0;0;0;0;0
0;0;0;0;0;0;0;0;0
0;0;0;0;0;0;0;0;0
0;0;0;0;0;0;0;0;0
0;0;0;0;0;0;0;0;0
0;0;0;0;0;0;0;0;0
0;0;0;0;0;0;0;0;0
0;0;0;0;0;0;0;0;0
0;0;0;0;0;0;0;0;0
0;0;0;0;0;0;0;0;0
0;0;0;0;0;0;0;0;0
0;0;0;0;0;0;0;0;0
0;0;0;0;0;0;0;0;0
0;0;0;0;0;0;0;0;0
0;0;0;0;0;0;0;0;0
0;0;0;0;0;0;0;0;0
0;0;0;0;0;0;0;0;0
0;0;0;0;0;0;0;0;0
0;0;0;0;0;0;0;0;0
0;0;0;0;0;0;0;0;0
0;0;0;0;0;0;0;0;0
0;0;0;0;0;0;0;0;0
0;0;0;0;0;0;0;0;0
0;0;0;0;0;0;0;0;0
0;0;0;0;0;0;0;0;0
0;0;0;0;0;0;0;0;0
0;0;0;0;0;0;0;0;0
0;0;0;0;0;0;0;0;0
0;0;0;0;0;0;0;0;0
0;0;0;0;0;0;0;0;0
0;0;0;0;0;0;0;0;0
0;0;0;0;0;0;0;0;0
0;0;0;0;0;0;0;0;0
0;0;0;0;0;0;0;0;0
0;0;0;0;0;0;0;0;0
0;0;0;0;0;0;0;0;0
0;0;0;0;0;0;0;0;0
0;0;0;0;0;0;0;0;0
0;0;0;0;0;0;0;0;0
0;0;0;0;0;0;0;0;0
0;0;0;0;0;0;0;0;0
0;0;0;0;0;0;0;0;0
0;0;0;0;0;0;0;0;0
0;0;0;0;0;0;0;0;0
0;0;0;0;0;0;0;0;0
0;0;0;0;0;0;0;0;0
0;0;0;0;0;0;0;0;0
0;0;0;0;0;0;0;0;0
0;0;0;0;0;0;0;0;0
0;0;0;0;0;0;0;0;0
0;0;0;0;0;0;0;0;0
0;0;0;0;0;0;0;0;0
0;0;0;0;0;0;0;0;0
0;0;0;0;0;0;0;0;0
0;0;0;0;0;0;0;0;0
0;0;0;0;0;0;0;0;0
0;0;0;0;0;0;0;0;0
0;0;0;0;0;0;0;0;0
0;0;0;0;0;0;0;0;0
0;0;0;0;0;0;0;0;0
0;0;0;0;0;0;0;0;0
0;0;0;0;0;0;0;0;0
0;0;0;0;0;0;0;0;0
0;0;0;0;0;0;0;0;0
0;0;0;0;0;0;0;0;0
0;0;0;0;0;0;0;0;0
0;0;0;0;0;0;0;0;0
0;0;0;0;0;0;0;0;0
0;0;0;0;0;0;0;0;0
0;0;0;0;0;0;0;0;0
0;0;0;0;0;0;0;0;0
0;0;0;0;0;0;0;0;0
0;0;0;0;0;0;0;0;0
0;0;0;0;0;0;0;0;0
0;0;0;0;0;0;0;0;0
0;0;0;0;0;0;0;0;0
0;0;0;0;0;0;0;0;0
0;0;0;0;0;0;0;0;0
0;0;0;0;0;0;0;0;0
0;0;0;0;0;0;0;0;0
0;0;0;0;0;0;0;0;0
0;0;0;0;0;0;0;0;0
0;0;0;0;0;0;0;0;0
0;0;0;0;0;0;0;0;0
0;0;0;0;0;0;0;0;0
0;0;0;0;0;0;0;0;0
0;0;0;0;0;0;0;0;0
0;0;0;0;0;0;0;0;0
0;0;0;0;0;0;0;0;0
0;0;0;0;0;0;0;0;0
0;0;0;0;0;0;0;0;0
0;0;0;0;0;0;0;0;0
0;0;0;0;0;0;0;0;0
0;0;0;0;0;0;0;0;0
0;0;0;0;0;0;0;0;0
0;0;0;0;0;0;0;0;0
0;0;0;0;0;0;0;0;0
0;0;0;0;0;0;0;0;0
0;0;0;0;0;0;0;0;0
0;0;0;0;0;0;0;0;0
0;0;0;0;0;0;0;0;0
0;0;0;0;0;0;0;0;0
0;0;0;0;0;0;0;0;0
0;0;0;0;0;0;0;0;0
0;0;0;0;0;0;0;0;0
0;0;0;0;0;0;0;0;0
0;0;0;0;0;0;0;0;0
0;0;0;0;0;0;0;0;0
0;0;0;0;0;0;0;0;0
0;0;0;0;0;0;0;0;0
0;0;0;0;0;0;0;0;0
0;0;0;0;0;0;0;0;0
0;0;0;0;0;0;0;0;0
0;0;0;0;0;0;0;0;0
0;0;0;0;0;0;0;0;0
0;0;0;0;0;0;0;0;0
0;0;0;0;0;0;0;0;0
0;0;0;0;0;0;0;0;0
0;0;0;0;0;0;0;0;0
0;0;0;0;0;0;0;0;0
0;0;0;0;0;0;0;0;0
0;0;0;0;0;0;0;0;0
0;0;0;0;0;0;0;0;0
0;0;0;0;0;0;0;0;0
0;0;0;0;0;0;0;0;0
0;0;0;0;0;0;0;0;0
0;0;0;0;0;0;0;0;0
0;0;0;0;0;0;0;0;0
0;0;0;0;0;0;0;0;0
0;0;0;0;0;0;0;0;0
0;0;0;0;0;0;0;0;0
0;0;0;0;0;0;0;0;0
0;0;0;0;0;0;0;0;0
0;0;0;0;0;0;0;0;0
0;0;0;0;0;0;0;0;0
0;0;0;0;0;0;0;0;0
0;0;0;0;0;0;0;0;0
0;0;0;0;0;0;0;0;0
0;0;0;0;0;0;0;0;0
0;0;0;0;0;0;0;0;0
0;0;0;0;0;0;0;0;0
0;0;0;0;0;0;0;0;0
0;0;0;0;0;0;0;0;0
0;0;0;0;0;0;0;0;0
0;0;0;0;0;0;0;0;0
0;0;0;0;0;0;0;0;0
0;0;0;0;0;0;0;0;0
0;0;0;0;0;0;0;0;0
0;0;0;0;0;0;0;0;0
0;0;0;0;0;0;0;0;0
0;0;0;0;0;0;0;0;0
0;0;0;0;0;0;0;0;0
0;0;0;0;0;0;0;0;0
0;0;0;0;0;0;0;0;0
0;0;0;0;0;0;0;0;0
0;0;0;0;0;0;0;0;0
0;0;0;0;0;0;0;0;0
0;0;0;0;0;0;0;0;0
0;0;0;0;0;0;0;0;0
0;0;0;0;0;0;0;0;0
0;0;0;0;0;0;0;0;0
0;0;0;0;0;0;0;0;0
0;0;0;0;0;0;0;0;0
0;0;0;0;0;0;0;0;0
0;0;0;0;0;0;0;0;0
0;0;0;0;0;0;0;0;0
0;0;0;0;0;0;0;0;0
0;0;0;0;0;0;0;0;0
0;0;0;0;0;0;0;0;0
0;0;0;0;0;0;0;0;0
0;0;0;0;0;0;0;0;0
0;0;0;0;0;0;0;0;0
0;0;0;0;0;0;0;0;0
0;0;0;0;0;0;0;0;0
0;0;0;0;0;0;0;0;0
0;0;0;0;0;0;0;0;0
0;0;0;0;0;0;0;0;0
0;0;0;0;0;0;0;0;0
0;0;0;0;0;0;0;0;0
0;0;0;0;0;0;0;0;0
0;0;0;0;0;0;0;0;0
0;0;0;0;0;0;0;0;0
0;0;0;0;0;0;0;0;0
0;0;0;0;0;0;0;0;0
0;0;0;0;0;0;0;0;0
0;0;0;0;0;0;0;0;0
0;0;0;0;0;0;0;0;0
0;0;0;0;0;0;0;0;0
0;0;0;0;0;0;0;0;0
0;0;0;0;0;0;0;0;0
0;0;0;0;0;0;0;0;0
0;0;0;0;0;0;0;0;0
0;0;0;0;0;0;0;0;0
0;0;0;0;0;0;0;0;0
0;0;0;0;0;0;0;0;0
0;0;0;0;0;0;0;0;0
0;0;0;0;0;0;0;0;0
0;0;0;0;0;0;0;0;0
0;0;0;0;0;0;0;0;0
0;0;0;0;0;0;0;0;0
0;0;0;0;0;0;0;0;0
0;0;0;0;0;0;0;0;0
0;0;0;0;0;0;0;0;0
0;0;0;0;0;0;0;0;0
0;0;0;0;0;0;0;0;0
0;0;0;0;0;0;0;0;0
0;0;0;0;0;0;0;0;0
0;0;0;0;0;0;0;0;0
0;0;0;0;0;0;0;0;0
0;0;0;0;0;0;0;0;0
0;0;0;0;0;0;0;0;0
0;0;0;0;0;0;0;0;0
0;0;0;0;0;0;0;0;0
0;0;0;0;0;0;0;0;0
0;0;0;0;0;0;0;0;0
0;0;0;0;0;0;0;0;0
0;0;0;0;0;0;0;0;0
0;0;0;0;0;0;0;0;0
0;0;0;0;0;0;0;0;0
0;0;0;0;0;0;0;0;0
0;0;0;0;0;0;0;0;0
0;0;0;0;0;0;0;0;0
0;0;0;0;0;0;0;0;0
0;0;0;0;0;0;0;0;0
0;0;0;0;0;0;0;0;0
0;0;0;0;0;0;0;0;0
0;0;0;0;0;0;0;0;0
0;0;0;0;0;0;0;0;0
0;0;0;0;0;0;0;0;0
0;0;0;0;0;0;0;0;0
0;0;0;0;0;0;0;0;0
0;0;0;0;0;0;0;0;0
0;0;0;0;0;0;0;0;0
0;0;0;0;0;0;0;0;0
0;0;0;0;0;0;0;0;0
0;0;0;0;0;0;0;0;0
0;0;0;0;0;0;0;0;0
0;0;0;0;0;0;0;0;0
0;0;0;0;0;0;0;0;0
0;0;0;0;0;0;0;0;0
0;0;0;0;0;0;0;0;0
0;0;0;0;0;0;0;0;0
0;0;0;0;0;0;0;0;0
0;0;0;0;0;0;0;0;0
0;0;0;0;0;0;0;0;0
0;0;0;0;0;0;0;0;0
0;0;0;0;0;0;0;0;0
0;0;0;0;0;0;0;0;0
0;0;0;0;0;0;0;0;0
0;0;0;0;0;0;0;0;0
0;0;0;0;0;0;0;0;0
0;0;0;0;0;0;0;0;0
0;0;0;0;0;0;0;0;0
0;0;0;0;0;0;0;0;0
0;0;0;0;0;0;0;0;0
0;0;0;0;0;0;0;0;0
0;0;0;0;0;0;0;0;0
0;0;0;0;0;0;0;0;0
0;0;0;0;0;0;0;0;0
0;0;0;0;0;0;0;0;0
0;0;0;0;0;0;0;0;0
0;0;0;0;0;0;0;0;0
0;0;0;0;0;0;0;0;0
0;0;0;0;0;0;0;0;0
0;0;0;0;0;0;0;0;0
0;0;0;0;0;0;0;0;0
0;0;0;0;0;0;0;0;0
0;0;0;0;0;0;0;0;0
0;0;0;0;0;0;0;0;0
0;0;0;0;0;0;0;0;0
0;0;0;0;0;0;0;0;0
0;0;0;0;0;0;0;0;0
0;0;0;0;0;0;0;0;0
0;0;0;0;0;0;0;0;0
0;0;0;0;0;0;0;0;0
0;0;0;0;0;0;0;0;0
0;0;0;0;0;0;0;0;0
0;0;0;0;0;0;0;0;0
0;0;0;0;0;0;0;0;0
0;0;0;0;0;0;0;0;0
0;0;0;0;0;0;0;0;0
0;0;0;0;0;0;0;0;0
0;0;0;0;0;0;0;0;0
0;0;0;0;0;0;0;0;0
0;0;0;0;0;0;0;0;0
0;0;0;0;0;0;0;0;0
0;0;0;0;0;0;0;0;0
0;0;0;0;0;0;0;0;0
0;0;0;0;0;0;0;0;0
0;0;0;0;0;0;0;0;0
0;0;0;0;0;0;0;0;0
0;0;0;0;0;0;0;0;0
0;0;0;0;0;0;0;0;0
0;0;0;0;0;0;0;0;0
0;0;0;0;0;0;0;0;0
0;0;0;0;0;0;0;0;0
0;0;0;0;0;0;0;0;0
0;0;0;0;0;0;0;0;0
0;0;0;0;0;0;0;0;0
0;0;0;0;0;0;0;0;0
0;0;0;0;0;0;0;0;0
0;0;0;0;0;0;0;0;0
0;0;0;0;0;0;0;0;0
0;0;0;0;0;0;0;0;0
0;0;0;0;0;0;0;0;0
0;0;0;0;0;0;0;0;0
0;0;0;0;0;0;0;0;0
0;0;0;0;0;0;0;0;0
0;0;0;0;0;0;0;0;0
0;0;0;0;0;0;0;0;0
0;0;0;0;0;0;0;0;0
0;0;0;0;0;0;0;0;0
0;0;0;0;0;0;0;0;0
0;0;0;0;0;0;0;0;0
0;0;0;0;0;0;0;0;0
0;0;0;0;0;0;0;0;0
0;0;0;0;0;0;0;0;0
0;0;0;0;0;0;0;0;0
0;0;0;0;0;0;0;0;0
0;0;0;0;0;0;0;0;0
0;0;0;0;0;0;0;0;0
0;0;0;0;0;0;0;0;0
0;0;0;0;0;0;0;0;0
0;0;0;0;0;0;0;0;0
0;0;0;0;0;0;0;0;0
0;0;0;0;0;0;0;0;0
0;0;0;0;0;0;0;0;0
0;0;0;0;0;0;0;0;0
0;0;0;0;0;0;0;0;0
0;0;0;0;0;0;0;0;0
0;0;0;0;0;0;0;0;0
0;0;0;0;0;0;0;0;0
0;0;0;0;0;0;0;0;0
0;0;0;0;0;0;0;0;0
0;0;0;0;0;0;0;0;0
0;0;0;0;0;0;0;0;0
0;0;0;0;0;0;0;0;0
0;0;0;0;0;0;0;0;0
0;0;0;0;0;0;0;0;0
0;0;0;0;0;0;0;0;0
0;0;0;0;0;0;0;0;0
0;0;0;0;0;0;0;0;0
0;0;0;0;0;0;0;0;0
0;0;0;0;0;0;0;0;0
0;0;0;0;0;0;0;0;0
0;0;0;0;0;0;0;0;0
0;0;0;0;0;0;0;0;0
0;0;0;0;0;0;0;0;0
0;0;0;0;0;0;0;0;0
0;0;0;0;0;0;0;0;0
0;0;0;0;0;0;0;0;0
0;0;0;0;0;0;0;0;0
0;0;0;0;0;0;0;0;0
0;0;0;0;0;0;0;0;0
0;0;0;0;0;0;0;0;0
0;0;0;0;0;0;0;0;0
0;0;0;0;0;0;0;0;0
0;0;0;0;0;0;0;0;0
0;0;0;0;0;0;0;0;0
0;0;0;0;0;0;0;0;0
0;0;0;0;0;0;0;0;0
0;0;0;0;0;0;0;0;0
0;0;0;0;0;0;0;0;0
0;0;0;0;0;0;0;0;0
0;0;0;0;0;0;0;0;0
0;0;0;0;0;0;0;0;0
0;0;0;0;0;0;0;0;0
0;0;0;0;0;0;0;0;0
0;0;0;0;0;0;0;0;0
0;0;0;0;0;0;0;0;0
0;0;0;0;0;0;0;0;0
0;0;0;0;0;0;0;0;0
0;0;0;0;0;0;0;0;0
0;0;0;0;0;0;0;0;0
0;0;0;0;0;0;0;0;0
0;0;0;0;0;0;0;0;0
0;0;0;0;0;0;0;0;0
0;0;0;0;0;0;0;0;0
0;0;0;0;0;0;0;0;0
0;0;0;0;0;0;0;0;0
0;0;0;0;0;0;0;0;0
0;0;0;0;0;0;0;0;0
0;0;0;0;0;0;0;0;0
0;0;0;0;0;0;0;0;0
0;0;0;0;0;0;0;0;0
0;0;0;0;0;0;0;0;0
0;0;0;0;0;0;0;0;0
0;0;0;0;0;0;0;0;0
0;0;0;0;0;0;0;0;0
0;0;0;0;0;0;0;0;0
0;0;0;0;0;0;0;0;0
0;0;0;0;0;0;0;0;0
0;0;0;0;0;0;0;0;0
0;0;0;0;0;0;0;0;0
0;0;0;0;0;0;0;0;0
0;0;0;0;0;0;0;0;0
0;0;0;0;0;0;0;0;0
0;0;0;0;0;0;0;0;0
0;0;0;0;0;0;0;0;0
0;0;0;0;0;0;0;0;0
0;0;0;0;0;0;0;0;0
0;0;0;0;0;0;0;0;0
0;0;0;0;0;0;0;0;0
0;0;0;0;0;0;0;0;0
0;0;0;0;0;0;0;0;0
0;0;0;0;0;0;0;0;0
0;0;0;0;0;0;0;0;0
0;0;0;0;0;0;0;0;0
0;0;0;0;0;0;0;0;0
0;0;0;0;0;0;0;0;0
0;0;0;0;0;0;0;0;0
0;0;0;0;0;0;0;0;0
0;0;0;0;0;0;0;0;0
0;0;0;0;0;0;0;0;0
0;0;0;0;0;0;0;0;0
0;0;0;0;0;0;0;0;0
0;0;0;0;0;0;0;0;0
0;0;0;0;0;0;0;0;0
0;0;0;0;0;0;0;0;0
0;0;0;0;0;0;0;0;0
0;0;0;0;0;0;0;0;0
0;0;0;0;0;0;0;0;0
0;0;0;0;0;0;0;0;0
0;0;0;0;0;0;0;0;0
0;0;0;0;0;0;0;0;0
0;0;0;0;0;0;0;0;0
0;0;0;0;0;0;0;0;0
0;0;0;0;0;0;0;0;0
0;0;0;0;0;0;0;0;0
0;0;0;0;0;0;0;0;0
0;0;0;0;0;0;0;0;0
0;0;0;0;0;0;0;0;0
0;0;0;0;0;0;0;0;0
0;0;0;0;0;0;0;0;0
0;0;0;0;0;0;0;0;0
0;0;0;0;0;0;0;0;0
0;0;0;0;0;0;0;0;0
0;0;0;0;0;0;0;0;0
0;0;0;0;0;0;0;0;0
0;0;0;0;0;0;0;0;0
0;0;0;0;0;0;0;0;0
0;0;0;0;0;0;0;0;0
0;0;0;0;0;0;0;0;0
0;0;0;0;0;0;0;0;0
0;0;0;0;0;0;0;0;0
0;0;0;0;0;0;0;0;0
0;0;0;0;0;0;0;0;0
0;0;0;0;0;0;0;0;0
0;0;0;0;0;0;0;0;0
0;0;0;0;0;0;0;0;0
0;0;0;0;0;0;0;0;0
0;0;0;0;0;0;0;0;0
0;0;0;0;0;0;0;0;0
0;0;0;0;0;0;0;0;0
0;0;0;0;0;0;0;0;0
0;0;0;0;0;0;0;0;0
0;0;0;0;0;0;0;0;0
0;0;0;0;0;0;0;0;0
0;0;0;0;0;0;0;0;0
0;0;0;0;0;0;0;0;0
0;0;0;0;0;0;0;0;0
0;0;0;0;0;0;0;0;0
0;0;0;0;0;0;0;0;0
0;0;0;0;0;0;0;0;0
0;0;0;0;0;0;0;0;0
0;0;0;0;0;0;0;0;0
0;0;0;0;0;0;0;0;0
0;0;0;0;0;0;0;0;0
0;0;0;0;0;0;0;0;0
0;0;0;0;0;0;0;0;0
0;0;0;0;0;0;0;0;0
0;0;0;0;0;0;0;0;0
0;0;0;0;0;0;0;0;0
0;0;0;0;0;0;0;0;0
0;0;0;0;0;0;0;0;0
0;0;0;0;0;0;0;0;0
0;0;0;0;0;0;0;0;0
0;0;0;0;0;0;0;0;0
0;0;0;0;0;0;0;0;0
0;0;0;0;0;0;0;0;0
0;0;0;0;0;0;0;0;0
0;0;0;0;0;0;0;0;0
0;0;0;0;0;0;0;0;0
0;0;0;0;0;0;0;0;0
0;0;0;0;0;0;0;0;0
0;0;0;0;0;0;0;0;0
0;0;0;0;0;0;0;0;0
0;0;0;0;0;0;0;0;0
0;0;0;0;0;0;0;0;0
0;0;0;0;0;0;0;0;0
0;0;0;0;0;0;0;0;0
0;0;0;0;0;0;0;0;0
0;0;0;0;0;0;0;0;0
0;0;0;0;0;0;0;0;0
0;0;0;0;0;0;0;0;0
0;0;0;0;0;0;0;0;0
0;0;0;0;0;0;0;0;0
0;0;0;0;0;0;0;0;0
0;0;0;0;0;0;0;0;0
0;0;0;0;0;0;0;0;0
0;0;0;0;0;0;0;0;0
0;0;0;0;0;0;0;0;0
0;0;0;0;0;0;0;0;0
0;0;0;0;0;0;0;0;0
0;0;0;0;0;0;0;0;0
0;0;0;0;0;0;0;0;0
0;0;0;0;0;0;0;0;0
0;0;0;0;0;0;0;0;0
0;0;0;0;0;0;0;0;0
0;0;0;0;0;0;0;0;0
0;0;0;0;0;0;0;0;0
0;0;0;0;0;0;0;0;0
0;0;0;0;0;0;0;0;0
0;0;0;0;0;0;0;0;0
0;0;0;0;0;0;0;0;0
0;0;0;0;0;0;0;0;0
0;0;0;0;0;0;0;0;0
0;0;0;0;0;0;0;0;0
0;0;0;0;0;0;0;0;0
0;0;0;0;0;0;0;0;0
0;0;0;0;0;0;0;0;0
0;0;0;0;0;0;0;0;0
0;0;0;0;0;0;0;0;0
0;0;0;0;0;0;0;0;0
0;0;0;0;0;0;0;0;0
0;0;0;0;0;0;0;0;0
0;0;0;0;0;0;0;0;0
0;0;0;0;0;0;0;0;0
0;0;0;0;0;0;0;0;0
0;0;0;0;0;0;0;0;0
0;0;0;0;0;0;0;0;0
0;0;0;0;0;0;0;0;0
0;0;0;0;0;0;0;0;0
0;0;0;0;0;0;0;0;0
0;0;0;0;0;0;0;0;0
0;0;0;0;0;0;0;0;0
0;0;0;0;0;0;0;0;0
0;0;0;0;0;0;0;0;0
0;0;0;0;0;0;0;0;0
0;0;0;0;0;0;0;0;0
0;0;0;0;0;0;0;0;0
0;0;0;0;0;0;0;0;0
0;0;0;0;0;0;0;0;0
0;0;0;0;0;0;0;0;0
0;0;0;0;0;0;0;0;0
0;0;0;0;0;0;0;0;0
0;0;0;0;0;0;0;0;0
0;0;0;0;0;0;0;0;0
0;0;0;0;0;0;0;0;0
0;0;0;0;0;0;0;0;0
0;0;0;0;0;0;0;0;0
0;0;0;0;0;0;0;0;0
0;0;0;0;0;0;0;0;0
0;0;0;0;0;0;0;0;0
0;0;0;0;0;0;0;0;0
0;0;0;0;0;0;0;0;0
0;0;0;0;0;0;0;0;0
0;0;0;0;0;0;0;0;0
0;0;0;0;0;0;0;0;0
0;0;0;0;0;0;0;0;0
0;0;0;0;0;0;0;0;0
0;0;0;0;0;0;0;0;0
0;0;0;0;0;0;0;0;0
0;0;0;0;0;0;0;0;0
0;0;0;0;0;0;0;0;0
0;0;0;0;0;0;0;0;0
0;0;0;0;0;0;0;0;0
0;0;0;0;0;0;0;0;0
0;0;0;0;0;0;0;0;0
0;0;0;0;0;0;0;0;0
0;0;0;0;0;0;0;0;0
0;0;0;0;0;0;0;0;0
0;0;0;0;0;0;0;0;0
0;0;0;0;0;0;0;0;0
0;0;0;0;0;0;0;0;0
0;0;0;0;0;0;0;0;0
0;0;0;0;0;0;0;0;0
0;0;0;0;0;0;0;0;0
0;0;0;0;0;0;0;0;0
0;0;0;0;0;0;0;0;0
0;0;0;0;0;0;0;0;0
0;0;0;0;0;0;0;0;0
0;0;0;0;0;0;0;0;0
0;0;0;0;0;0;0;0;0
0;0;0;0;0;0;0;0;0
0;0;0;0;0;0;0;0;0
0;0;0;0;0;0;0;0;0
0;0;0;0;0;0;0;0;0
0;0;0;0;0;0;0;0;0
0;0;0;0;0;0;0;0;0
0;0;0;0;0;0;0;0;0
0;0;0;0;0;0;0;0;0
0;0;0;0;0;0;0;0;0
0;0;0;0;0;0;0;0;0
0;0;0;0;0;0;0;0;0
0;0;0;0;0;0;0;0;0
0;0;0;0;0;0;0;0;0
0;0;0;0;0;0;0;0;0
0;0;0;0;0;0;0;0;0
0;0;0;0;0;0;0;0;0
0;0;0;0;0;0;0;0;0
0;0;0;0;0;0;0;0;0
0;0;0;0;0;0;0;0;0
0;0;0;0;0;0;0;0;0
0;0;0;0;0;0;0;0;0
0;0;0;0;0;0;0;0;0
0;0;0;0;0;0;0;0;0
0;0;0;0;0;0;0;0;0
0;0;0;0;0;0;0;0;0
0;0;0;0;0;0;0;0;0
0;0;0;0;0;0;0;0;0
0;0;0;0;0;0;0;0;0
0;0;0;0;0;0;0;0;0
0;0;0;0;0;0;0;0;0
0;0;0;0;0;0;0;0;0
0;0;0;0;0;0;0;0;0
0;0;0;0;0;0;0;0;0
0;0;0;0;0;0;0;0;0
0;0;0;0;0;0;0;0;0
0;0;0;0;0;0;0;0;0
0;0;0;0;0;0;0;0;0
0;0;0;0;0;0;0;0;0
0;0;0;0;0;0;0;0;0
0;0;0;0;0;0;0;0;0
0;0;0;0;0;0;0;0;0
0;0;0;0;0;0;0;0;0
0;0;0;0;0;0;0;0;0
0;0;0;0;0;0;0;0;0
0;0;0;0;0;0;0;0;0
0;0;0;0;0;0;0;0;0
0;0;0;0;0;0;0;0;0
0;0;0;0;0;0;0;0;0
0;0;0;0;0;0;0;0;0
0;0;0;0;0;0;0;0;0
0;0;0;0;0;0;0;0;0
0;0;0;0;0;0;0;0;0
0;0;0;0;0;0;0;0;0
0;0;0;0;0;0;0;0;0
0;0;0;0;0;0;0;0;0
0;0;0;0;0;0;0;0;0
0;0;0;0;0;0;0;0;0
0;0;0;0;0;0;0;0;0
0;0;0;0;0;0;0;0;0
0;0;0;0;0;0;0;0;0
0;0;0;0;0;0;0;0;0
0;0;0;0;0;0;0;0;0
0;0;0;0;0;0;0;0;0
0;0;0;0;0;0;0;0;0
0;0;0;0;0;0;0;0;0
0;0;0;0;0;0;0;0;0
0;0;0;0;0;0;0;0;0
0;0;0;0;0;0;0;0;0
0;0;0;0;0;0;0;0;0
0;0;0;0;0;0;0;0;0
0;0;0;0;0;0;0;0;0
0;0;0;0;0;0;0;0;0
0;0;0;0;0;0;0;0;0
0;0;0;0;0;0;0;0;0
0;0;0;0;0;0;0;0;0
0;0;0;0;0;0;0;0;0
0;0;0;0;0;0;0;0;0
0;0;0;0;0;0;0;0;0
0;0;0;0;0;0;0;0;0
0;0;0;0;0;0;0;0;0
0;0;0;0;0;0;0;0;0
0;0;0;0;0;0;0;0;0
0;0;0;0;0;0;0;0;0
0;0;0;0;0;0;0;0;0
0;0;0;0;0;0;0;0;0
0;0;0;0;0;0;0;0;0
0;0;0;0;0;0;0;0;0
0;0;0;0;0;0;0;0;0
0;0;0;0;0;0;0;0;0
0;0;0;0;0;0;0;0;0
0;0;0;0;0;0;0;0;0
0;0;0;0;0;0;0;0;0
0;0;0;0;0;0;0;0;0
0;0;0;0;0;0;0;0;0
0;0;0;0;0;0;0;0;0
0;0;0;0;0;0;0;0;0
0;0;0;0;0;0;0;0;0
0;0;0;0;0;0;0;0;0
0;0;0;0;0;0;0;0;0
0;0;0;0;0;0;0;0;0
0;0;0;0;0;0;0;0;0
0;0;0;0;0;0;0;0;0
0;0;0;0;0;0;0;0;0
0;0;0;0;0;0;0;0;0
0;0;0;0;0;0;0;0;0
0;0;0;0;0;0;0;0;0
0;0;0;0;0;0;0;0;0
0;0;0;0;0;0;0;0;0
0;0;0;0;0;0;0;0;0
0;0;0;0;0;0;0;0;0
0;0;0;0;0;0;0;0;0
0;0;0;0;0;0;0;0;0
0;0;0;0;0;0;0;0;0
0;0;0;0;0;0;0;0;0
0;0;0;0;0;0;0;0;0
0;0;0;0;0;0;0;0;0
0;0;0;0;0;0;0;0;0
0;0;0;0;0;0;0;0;0
0;0;0;0;0;0;0;0;0
0;0;0;0;0;0;0;0;0
0;0;0;0;0;0;0;0;0
0;0;0;0;0;0;0;0;0
0;0;0;0;0;0;0;0;0
0;0;0;0;0;0;0;0;0
0;0;0;0;0;0;0;0;0
0;0;0;0;0;0;0;0;0
0;0;0;0;0;0;0;0;0
0;0;0;0;0;0;0;0;0
0;0;0;0;0;0;0;0;0
0;0;0;0;0;0;0;0;0
0;0;0;0;0;0;0;0;0
0;0;0;0;0;0;0;0;0
0;0;0;0;0;0;0;0;0
0;0;0;0;0;0;0;0;0
0;0;0;0;0;0;0;0;0
0;0;0;0;0;0;0;0;0
0;0;0;0;0;0;0;0;0
0;0;0;0;0;0;0;0;0
0;0;0;0;0;0;0;0;0
0;0;0;0;0;0;0;0;0
0;0;0;0;0;0;0;0;0
0;0;0;0;0;0;0;0;0
0;0;0;0;0;0;0;0;0
0;0;0;0;0;0;0;0;0
0;0;0;0;0;0;0;0;0
0;0;0;0;0;0;0;0;0
0;0;0;0;0;0;0;0;0
0;0;0;0;0;0;0;0;0
0;0;0;0;0;0;0;0;0
0;0;0;0;0;0;0;0;0
0;0;0;0;0;0;0;0;0
0;0;0;0;0;0;0;0;0
0;0;0;0;0;0;0;0;0
0;0;0;0;0;0;0;0;0
0;0;0;0;0;0;0;0;0
0;0;0;0;0;0;0;0;0
0;0;0;0;0;0;0;0;0
0;0;0;0;0;0;0;0;0
0;0;0;0;0;0;0;0;0
0;0;0;0;0;0;0;0;0
0;0;0;0;0;0;0;0;0
0;0;0;0;0;0;0;0;0
0;0;0;0;0;0;0;0;0
0;0;0;0;0;0;0;0;0
0;0;0;0;0;0;0;0;0
0;0;0;0;0;0;0;0;0
0;0;0;0;0;0;0;0;0
0;0;0;0;0;0;0;0;0
0;0;0;0;0;0;0;0;0
0;0;0;0;0;0;0;0;0
0;0;0;0;0;0;0;0;0
0;0;0;0;0;0;0;0;0
0;0;0;0;0;0;0;0;0
0;0;0;0;0;0;0;0;0
0;0;0;0;0;0;0;0;0
0;0;0;0;0;0;0;0;0
0;0;0;0;0;0;0;0;0
0;0;0;0;0;0;0;0;0
0;0;0;0;0;0;0;0;0
0;0;0;0;0;0;0;0;0
0;0;0;0;0;0;0;0;0
0;0;0;0;0;0;0;0;0
0;0;0;0;0;0;0;0;0
0;0;0;0;0;0;0;0;0
0;0;0;0;0;0;0;0;0
0;0;0;0;0;0;0;0;0
0;0;0;0;0;0;0;0;0
0;0;0;0;0;0;0;0;0
0;0;0;0;0;0;0;0;0
0;0;0;0;0;0;0;0;0
0;0;0;0;0;0;0;0;0
0;0;0;0;0;0;0;0;0
0;0;0;0;0;0;0;0;0
0;0;0;0;0;0;0;0;0
0;0;0;0;0;0;0;0;0
0;0;0;0;0;0;0;0;0
0;0;0;0;0;0;0;0;0
0;0;0;0;0;0;0;0;0
0;0;0;0;0;0;0;0;0
0;0;0;0;0;0;0;0;0
0;0;0;0;0;0;0;0;0
0;0;0;0;0;0;0;0;0
0;0;0;0;0;0;0;0;0
0;0;0;0;0;0;0;0;0
0;0;0;0;0;0;0;0;0
0;0;0;0;0;0;0;0;0
0;0;0;0;0;0;0;0;0
0;0;0;0;0;0;0;0;0
0;0;0;0;0;0;0;0;0
0;0;0;0;0;0;0;0;0
0;0;0;0;0;0;0;0;0
0;0;0;0;0;0;0;0;0
0;0;0;0;0;0;0;0;0
0;0;0;0;0;0;0;0;0
0;0;0;0;0;0;0;0;0
0;0;0;0;0;0;0;0;0
0;0;0;0;0;0;0;0;0
0;0;0;0;0;0;0;0;0
0;0;0;0;0;0;0;0;0
0;0;0;0;0;0;0;0;0
0;0;0;0;0;0;0;0;0
0;0;0;0;0;0;0;0;0
0;0;0;0;0;0;0;0;0
0;0;0;0;0;0;0;0;0
0;0;0;0;0;0;0;0;0
0;0;0;0;0;0;0;0;0
0;0;0;0;0;0;0;0;0
0;0;0;0;0;0;0;0;0
0;0;0;0;0;0;0;0;0
0;0;0;0;0;0;0;0;0
0;0;0;0;0;0;0;0;0
0;0;0;0;0;0;0;0;0
0;0;0;0;0;0;0;0;0
0;0;0;0;0;0;0;0;0
0;0;0;0;0;0;0;0;0
0;0;0;0;0;0;0;0;0
0;0;0;0;0;0;0;0;0
0;0;0;0;0;0;0;0;0
0;0;0;0;0;0;0;0;0
0;0;0;0;0;0;0;0;0
0;0;0;0;0;0;0;0;0
0;0;0;0;0;0;0;0;0
0;0;0;0;0;0;0;0;0
0;0;0;0;0;0;0;0;0
0;0;0;0;0;0;0;0;0
0;0;0;0;0;0;0;0;0
0;0;0;0;0;0;0;0;0
0;0;0;0;0;0;0;0;0
0;0;0;0;0;0;0;0;0
0;0;0;0;0;0;0;0;0
0;0;0;0;0;0;0;0;0
0;0;0;0;0;0;0;0;0
0;0;0;0;0;0;0;0;0
0;0;0;0;0;0;0;0;0
0;0;0;0;0;0;0;0;0
0;0;0;0;0;0;0;0;0
0;0;0;0;0;0;0;0;0
0;0;0;0;0;0;0;0;0
0;0;0;0;0;0;0;0;0
0;0;0;0;0;0;0;0;0
0;0;0;0;0;0;0;0;0
0;0;0;0;0;0;0;0;0
0;0;0;0;0;0;0;0;0
0;0;0;0;0;0;0;0;0
0;0;0;0;0;0;0;0;0
0;0;0;0;0;0;0;0;0
0;0;0;0;0;0;0;0;0
0;0;0;0;0;0;0;0;0
0;0;0;0;0;0;0;0;0
0;0;0;0;0;0;0;0;0
0;0;0;0;0;0;0;0;0
0;0;0;0;0;0;0;0;0
0;0;0;0;0;0;0;0;0
0;0;0;0;0;0;0;0;0
0;0;0;0;0;0;0;0;0
0;0;0;0;0;0;0;0;0
0;0;0;0;0;0;0;0;0
0;0;0;0;0;0;0;0;0
0;0;0;0;0;0;0;0;0
0;0;0;0;0;0;0;0;0
0;0;0;0;0;0;0;0;0
0;0;0;0;0;0;0;0;0
0;0;0;0;0;0;0;0;0
0;0;0;0;0;0;0;0;0
0;0;0;0;0;0;0;0;0
0;0;0;0;0;0;0;0;0
0;0;0;0;0;0;0;0;0
0;0;0;0;0;0;0;0;0
0;0;0;0;0;0;0;0;0
0;0;0;0;0;0;0;0;0
0;0;0;0;0;0;0;0;0
0;0;0;0;0;0;0;0;0
0;0;0;0;0;0;0;0;0
0;0;0;0;0;0;0;0;0
0;0;0;0;0;0;0;0;0
0;0;0;0;0;0;0;0;0
0;0;0;0;0;0;0;0;0
0;0;0;0;0;0;0;0;0
0;0;0;0;0;0;0;0;0
0;0;0;0;0;0;0;0;0
0;0;0;0;0;0;0;0;0
0;0;0;0;0;0;0;0;0
0;0;0;0;0;0;0;0;0
0;0;0;0;0;0;0;0;0
0;0;0;0;0;0;0;0;0
0;0;0;0;0;0;0;0;0
0;0;0;0;0;0;0;0;0
0;0;0;0;0;0;0;0;0
0;0;0;0;0;0;0;0;0
0;0;0;0;0;0;0;0;0
0;0;0;0;0;0;0;0;0
0;0;0;0;0;0;0;0;0
0;0;0;0;0;0;0;0;0
0;0;0;0;0;0;0;0;0
0;0;0;0;0;0;0;0;0
0;0;0;0;0;0;0;0;0
0;0;0;0;0;0;0;0;0
0;0;0;0;0;0;0;0;0
0;0;0;0;0;0;0;0;0
0;0;0;0;0;0;0;0;0
0;0;0;0;0;0;0;0;0
0;0;0;0;0;0;0;0;0
0;0;0;0;0;0;0;0;0
0;0;0;0;0;0;0;0;0
0;0;0;0;0;0;0;0;0
0;0;0;0;0;0;0;0;0
0;0;0;0;0;0;0;0;0
0;0;0;0;0;0;0;0;0
0;0;0;0;0;0;0;0;0
0;0;0;0;0;0;0;0;0
0;0;0;0;0;0;0;0;0
0;0;0;0;0;0;0;0;0
0;0;0;0;0;0;0;0;0
0;0;0;0;0;0;0;0;0
0;0;0;0;0;0;0;0;0
0;0;0;0;0;0;0;0;0
0;0;0;0;0;0;0;0;0
0;0;0;0;0;0;0;0;0
0;0;0;0;0;0;0;0;0
0;0;0;0;0;0;0;0;0
0;0;0;0;0;0;0;0;0
0;0;0;0;0;0;0;0;0
0;0;0;0;0;0;0;0;0
0;0;0;0;0;0;0;0;0
0;0;0;0;0;0;0;0;0
0;0;0;0;0;0;0;0;0
0;0;0;0;0;0;0;0;0
0;0;0;0;0;0;0;0;0
0;0;0;0;0;0;0;0;0
0;0;0;0;0;0;0;0;0
0;0;0;0;0;0;0;0;0
0;0;0;0;0;0;0;0;0
0;0;0;0;0;0;0;0;0
0;0;0;0;0;0;0;0;0
0;0;0;0;0;0;0;0;0
0;0;0;0;0;0;0;0;0
0;0;0;0;0;0;0;0;0
0;0;0;0;0;0;0;0;0
0;0;0;0;0;0;0;0;0
0;0;0;0;0;0;0;0;0
0;0;0;0;0;0;0;0;0
0;0;0;0;0;0;0;0;0
0;0;0;0;0;0;0;0;0
0;0;0;0;0;0;0;0;0
0;0;0;0;0;0;0;0;0
0;0;0;0;0;0;0;0;0
0;0;0;0;0;0;0;0;0
0;0;0;0;0;0;0;0;0
0;0;0;0;0;0;0;0;0
0;0;0;0;0;0;0;0;0
0;0;0;0;0;0;0;0;0
0;0;0;0;0;0;0;0;0
0;0;0;0;0;0;0;0;0
0;0;0;0;0;0;0;0;0
0;0;0;0;0;0;0;0;0
0;0;0;0;0;0;0;0;0
0;0;0;0;0;0;0;0;0
0;0;0;0;0;0;0;0;0
0;0;0;0;0;0;0;0;0
0;0;0;0;0;0;0;0;0
0;0;0;0;0;0;0;0;0
0;0;0;0;0;0;0;0;0
0;0;0;0;0;0;0;0;0
0;0;0;0;0;0;0;0;0
0;0;0;0;0;0;0;0;0
0;0;0;0;0;0;0;0;0
0;0;0;0;0;0;0;0;0
0;0;0;0;0;0;0;0;0
0;0;0;0;0;0;0;0;0
0;0;0;0;0;0;0;0;0
0;0;0;0;0;0;0;0;0
0;0;0;0;0;0;0;0;0
0;0;0;0;0;0;0;0;0
0;0;0;0;0;0;0;0;0
0;0;0;0;0;0;0;0;0
0;0;0;0;0;0;0;0;0
0;0;0;0;0;0;0;0;0
0;0;0;0;0;0;0;0;0
0;0;0;0;0;0;0;0;0
0;0;0;0;0;0;0;0;0
0;0;0;0;0;0;0;0;0
0;0;0;0;0;0;0;0;0
0;0;0;0;0;0;0;0;0
0;0;0;0;0;0;0;0;0
0;0;0;0;0;0;0;0;0
0;0;0;0;0;0;0;0;0
0;0;0;0;0;0;0;0;0
0;0;0;0;0;0;0;0;0
0;0;0;0;0;0;0;0;0
0;0;0;0;0;0;0;0;0
0;0;0;0;0;0;0;0;0
0;0;0;0;0;0;0;0;0
0;0;0;0;0;0;0;0;0
0;0;0;0;0;0;0;0;0
0;0;0;0;0;0;0;0;0
0;0;0;0;0;0;0;0;0
0;0;0;0;0;0;0;0;0
0;0;0;0;0;0;0;0;0
0;0;0;0;0;0;0;0;0
0;0;0;0;0;0;0;0;0
0;0;0;0;0;0;0;0;0
0;0;0;0;0;0;0;0;0
0;0;0;0;0;0;0;0;0
0;0;0;0;0;0;0;0;0
0;0;0;0;0;0;0;0;0
0;0;0;0;0;0;0;0;0
0;0;0;0;0;0;0;0;0
0;0;0;0;0;0;0;0;0
0;0;0;0;0;0;0;0;0
0;0;0;0;0;0;0;0;0
0;0;0;0;0;0;0;0;0
0;0;0;0;0;0;0;0;0
0;0;0;0;0;0;0;0;0
0;0;0;0;0;0;0;0;0
0;0;0;0;0;0;0;0;0
0;0;0;0;0;0;0;0;0
0;0;0;0;0;0;0;0;0
0;0;0;0;0;0;0;0;0
0;0;0;0;0;0;0;0;0
0;0;0;0;0;0;0;0;0
0;0;0;0;0;0;0;0;0
0;0;0;0;0;0;0;0;0
0;0;0;0;0;0;0;0;0
0;0;0;0;0;0;0;0;0
0;0;0;0;0;0;0;0;0
0;0;0;0;0;0;0;0;0
0;0;0;0;0;0;0;0;0
0;0;0;0;0;0;0;0;0
0;0;0;0;0;0;0;0;0
0;0;0;0;0;0;0;0;0
0;0;0;0;0;0;0;0;0
0;0;0;0;0;0;0;0;0
0;0;0;0;0;0;0;0;0
0;0;0;0;0;0;0;0;0
0;0;0;0;0;0;0;0;0
0;0;0;0;0;0;0;0;0
0;0;0;0;0;0;0;0;0
0;0;0;0;0;0;0;0;0
0;0;0;0;0;0;0;0;0
0;0;0;0;0;0;0;0;0
0;0;0;0;0;0;0;0;0
0;0;0;0;0;0;0;0;0
0;0;0;0;0;0;0;0;0
0;0;0;0;0;0;0;0;0
0;0;0;0;0;0;0;0;0
0;0;0;0;0;0;0;0;0
0;0;0;0;0;0;0;0;0
0;0;0;0;0;0;0;0;0
0;0;0;0;0;0;0;0;0
0;0;0;0;0;0;0;0;0
0;0;0;0;0;0;0;0;0
0;0;0;0;0;0;0;0;0
0;0;0;0;0;0;0;0;0
0;0;0;0;0;0;0;0;0
0;0;0;0;0;0;0;0;0
0;0;0;0;0;0;0;0;0
0;0;0;0;0;0;0;0;0
0;0;0;0;0;0;0;0;0
0;0;0;0;0;0;0;0;0
0;0;0;0;0;0;0;0;0
0;0;0;0;0;0;0;0;0
0;0;0;0;0;0;0;0;0
0;0;0;0;0;0;0;0;0
0;0;0;0;0;0;0;0;0
0;0;0;0;0;0;0;0;0
0;0;0;0;0;0;0;0;0
0;0;0;0;0;0;0;0;0
0;0;0;0;0;0;0;0;0
0;0;0;0;0;0;0;0;0
0;0;0;0;0;0;0;0;0
0;0;0;0;0;0;0;0;0
0;0;0;0;0;0;0;0;0
0;0;0;0;0;0;0;0;0
0;0;0;0;0;0;0;0;0
0;0;0;0;0;0;0;0;0
0;0;0;0;0;0;0;0;0
0;0;0;0;0;0;0;0;0
0;0;0;0;0;0;0;0;0
0;0;0;0;0;0;0;0;0
0;0;0;0;0;0;0;0;0
0;0;0;0;0;0;0;0;0
0;0;0;0;0;0;0;0;0
0;0;0;0;0;0;0;0;0
0;0;0;0;0;0;0;0;0
0;0;0;0;0;0;0;0;0
0;0;0;0;0;0;0;0;0
0;0;0;0;0;0;0;0;0
0;0;0;0;0;0;0;0;0
0;0;0;0;0;0;0;0;0
0;0;0;0;0;0;0;0;0
0;0;0;0;0;0;0;0;0
0;0;0;0;0;0;0;0;0
0;0;0;0;0;0;0;0;0
0;0;0;0;0;0;0;0;0
0;0;0;0;0;0;0;0;0
0;0;0;0;0;0;0;0;0
0;0;0;0;0;0;0;0;0
0;0;0;0;0;0;0;0;0
0;0;0;0;0;0;0;0;0
0;0;0;0;0;0;0;0;0
0;0;0;0;0;0;0;0;0
0;0;0;0;0;0;0;0;0
0;0;0;0;0;0;0;0;0
0;0;0;0;0;0;0;0;0
0;0;0;0;0;0;0;0;0
0;0;0;0;0;0;0;0;0
0;0;0;0;0;0;0;0;0
0;0;0;0;0;0;0;0;0
0;0;0;0;0;0;0;0;0
0;0;0;0;0;0;0;0;0
0;0;0;0;0;0;0;0;0
0;0;0;0;0;0;0;0;0
0;0;0;0;0;0;0;0;0
0;0;0;0;0;0;0;0;0
0;0;0;0;0;0;0;0;0
0;0;0;0;0;0;0;0;0
0;0;0;0;0;0;0;0;0
0;0;0;0;0;0;0;0;0
0;0;0;0;0;0;0;0;0
0;0;0;0;0;0;0;0;0
0;0;0;0;0;0;0;0;0
0;0;0;0;0;0;0;0;0
0;0;0;0;0;0;0;0;0
0;0;0;0;0;0;0;0;0
0;0;0;0;0;0;0;0;0
0;0;0;0;0;0;0;0;0
0;0;0;0;0;0;0;0;0
0;0;0;0;0;0;0;0;0
0;0;0;0;0;0;0;0;0
0;0;0;0;0;0;0;0;0
0;0;0;0;0;0;0;0;0
0;0;0;0;0;0;0;0;0
0;0;0;0;0;0;0;0;0
0;0;0;0;0;0;0;0;0
0;0;0;0;0;0;0;0;0
0;0;0;0;0;0;0;0;0
0;0;0;0;0;0;0;0;0
0;0;0;0;0;0;0;0;0
0;0;0;0;0;0;0;0;0
0;0;0;0;0;0;0;0;0
0;0;0;0;0;0;0;0;0
0;0;0;0;0;0;0;0;0
0;0;0;0;0;0;0;0;0
0;0;0;0;0;0;0;0;0
0;0;0;0;0;0;0;0;0
0;0;0;0;0;0;0;0;0
0;0;0;0;0;0;0;0;0
0;0;0;0;0;0;0;0;0
0;0;0;0;0;0;0;0;0
0;0;0;0;0;0;0;0;0
0;0;0;0;0;0;0;0;0
0;0;0;0;0;0;0;0;0
0;0;0;0;0;0;0;0;0
0;0;0;0;0;0;0;0;0
0;0;0;0;0;0;0;0;0
0;0;0;0;0;0;0;0;0
0;0;0;0;0;0;0;0;0
0;0;0;0;0;0;0;0;0
0;0;0;0;0;0;0;0;0
0;0;0;0;0;0;0;0;0
0;0;0;0;0;0;0;0;0
0;0;0;0;0;0;0;0;0
0;0;0;0;0;0;0;0;0
0;0;0;0;0;0;0;0;0
0;0;0;0;0;0;0;0;0
0;0;0;0;0;0;0;0;0
0;0;0;0;0;0;0;0;0
0;0;0;0;0;0;0;0;0
0;0;0;0;0;0;0;0;0
0;0;0;0;0;0;0;0;0
0;0;0;0;0;0;0;0;0
0;0;0;0;0;0;0;0;0
0;0;0;0;0;0;0;0;0
0;0;0;0;0;0;0;0;0
0;0;0;0;0;0;0;0;0
0;0;0;0;0;0;0;0;0
0;0;0;0;0;0;0;0;0
0;0;0;0;0;0;0;0;0
0;0;0;0;0;0;0;0;0
0;0;0;0;0;0;0;0;0
0;0;0;0;0;0;0;0;0
0;0;0;0;0;0;0;0;0
0;0;0;0;0;0;0;0;0
0;0;0;0;0;0;0;0;0
0;0;0;0;0;0;0;0;0
0;0;0;0;0;0;0;0;0
0;0;0;0;0;0;0;0;0
0;0;0;0;0;0;0;0;0
0;0;0;0;0;0;0;0;0
0;0;0;0;0;0;0;0;0
0;0;0;0;0;0;0;0;0
0;0;0;0;0;0;0;0;0
0;0;0;0;0;0;0;0;0
0;0;0;0;0;0;0;0;0
0;0;0;0;0;0;0;0;0
0;0;0;0;0;0;0;0;0
0;0;0;0;0;0;0;0;0
0;0;0;0;0;0;0;0;0
0;0;0;0;0;0;0;0;0
0;0;0;0;0;0;0;0;0
0;0;0;0;0;0;0;0;0
0;0;0;0;0;0;0;0;0
0;0;0;0;0;0;0;0;0
0;0;0;0;0;0;0;0;0
0;0;0;0;0;0;0;0;0
0;0;0;0;0;0;0;0;0
0;0;0;0;0;0;0;0;0
0;0;0;0;0;0;0;0;0
0;0;0;0;0;0;0;0;0
0;0;0;0;0;0;0;0;0
0;0;0;0;0;0;0;0;0
0;0;0;0;0;0;0;0;0
0;0;0;0;0;0;0;0;0
0;0;0;0;0;0;0;0;0
0;0;0;0;0;0;0;0;0
0;0;0;0;0;0;0;0;0
0;0;0;0;0;0;0;0;0
0;0;0;0;0;0;0;0;0
0;0;0;0;0;0;0;0;0
0;0;0;0;0;0;0;0;0
0;0;0;0;0;0;0;0;0
0;0;0;0;0;0;0;0;0
0;0;0;0;0;0;0;0;0
0;0;0;0;0;0;0;0;0
0;0;0;0;0;0;0;0;0
0;0;0;0;0;0;0;0;0
0;0;0;0;0;0;0;0;0
0;0;0;0;0;0;0;0;0
0;0;0;0;0;0;0;0;0
0;0;0;0;0;0;0;0;0
0;0;0;0;0;0;0;0;0
0;0;0;0;0;0;0;0;0
0;0;0;0;0;0;0;0;0
0;0;0;0;0;0;0;0;0
0;0;0;0;0;0;0;0;0
0;0;0;0;0;0;0;0;0
0;0;0;0;0;0;0;0;0
0;0;0;0;0;0;0;0;0
0;0;0;0;0;0;0;0;0
0;0;0;0;0;0;0;0;0
0;0;0;0;0;0;0;0;0
0;0;0;0;0;0;0;0;0
0;0;0;0;0;0;0;0;0
0;0;0;0;0;0;0;0;0
0;0;0;0;0;0;0;0;0
0;0;0;0;0;0;0;0;0
0;0;0;0;0;0;0;0;0
0;0;0;0;0;0;0;0;0
0;0;0;0;0;0;0;0;0
0;0;0;0;0;0;0;0;0
0;0;0;0;0;0;0;0;0
0;0;0;0;0;0;0;0;0
0;0;0;0;0;0;0;0;0
0;0;0;0;0;0;0;0;0
0;0;0;0;0;0;0;0;0
0;0;0;0;0;0;0;0;0
0;0;0;0;0;0;0;0;0
0;0;0;0;0;0;0;0;0
0;0;0;0;0;0;0;0;0
0;0;0;0;0;0;0;0;0
0;0;0;0;0;0;0;0;0
0;0;0;0;0;0;0;0;0
0;0;0;0;0;0;0;0;0
0;0;0;0;0;0;0;0;0
0;0;0;0;0;0;0;0;0
0;0;0;0;0;0;0;0;0
0;0;0;0;0;0;0;0;0
0;0;0;0;0;0;0;0;0
0;0;0;0;0;0;0;0;0
0;0;0;0;0;0;0;0;0
0;0;0;0;0;0;0;0;0
0;0;0;0;0;0;0;0;0
0;0;0;0;0;0;0;0;0
0;0;0;0;0;0;0;0;0
0;0;0;0;0;0;0;0;0
0;0;0;0;0;0;0;0;0
0;0;0;0;0;0;0;0;0
0;0;0;0;0;0;0;0;0
0;0;0;0;0;0;0;0;0
0;0;0;0;0;0;0;0;0
0;0;0;0;0;0;0;0;0
0;0;0;0;0;0;0;0;0
0;0;0;0;0;0;0;0;0
0;0;0;0;0;0;0;0;0
0;0;0;0;0;0;0;0;0
0;0;0;0;0;0;0;0;0
0;0;0;0;0;0;0;0;0
0;0;0;0;0;0;0;0;0
0;0;0;0;0;0;0;0;0
0;0;0;0;0;0;0;0;0
0;0;0;0;0;0;0;0;0
0;0;0;0;0;0;0;0;0
0;0;0;0;0;0;0;0;0
0;0;0;0;0;0;0;0;0
0;0;0;0;0;0;0;0;0
0;0;0;0;0;0;0;0;0
0;0;0;0;0;0;0;0;0
0;0;0;0;0;0;0;0;0
0;0;0;0;0;0;0;0;0
0;0;0;0;0;0;0;0;0
0;0;0;0;0;0;0;0;0
0;0;0;0;0;0;0;0;0
0;0;0;0;0;0;0;0;0
0;0;0;0;0;0;0;0;0
0;0;0;0;0;0;0;0;0
0;0;0;0;0;0;0;0;0
0;0;0;0;0;0;0;0;0
0;0;0;0;0;0;0;0;0
0;0;0;0;0;0;0;0;0
0;0;0;0;0;0;0;0;0
0;0;0;0;0;0;0;0;0
0;0;0;0;0;0;0;0;0
0;0;0;0;0;0;0;0;0
0;0;0;0;0;0;0;0;0
0;0;0;0;0;0;0;0;0
0;0;0;0;0;0;0;0;0
0;0;0;0;0;0;0;0;0
0;0;0;0;0;0;0;0;0
0;0;0;0;0;0;0;0;0
0;0;0;0;0;0;0;0;0
0;0;0;0;0;0;0;0;0
0;0;0;0;0;0;0;0;0
0;0;0;0;0;0;0;0;0
0;0;0;0;0;0;0;0;0
0;0;0;0;0;0;0;0;0
0;0;0;0;0;0;0;0;0
0;0;0;0;0;0;0;0;0
0;0;0;0;0;0;0;0;0
0;0;0;0;0;0;0;0;0
0;0;0;0;0;0;0;0;0
0;0;0;0;0;0;0;0;0
0;0;0;0;0;0;0;0;0
0;0;0;0;0;0;0;0;0
0;0;0;0;0;0;0;0;0
0;0;0;0;0;0;0;0;0
0;0;0;0;0;0;0;0;0
0;0;0;0;0;0;0;0;0
0;0;0;0;0;0;0;0;0
0;0;0;0;0;0;0;0;0
0;0;0;0;0;0;0;0;0
0;0;0;0;0;0;0;0;0
0;0;0;0;0;0;0;0;0
0;0;0;0;0;0;0;0;0
0;0;0;0;0;0;0;0;0
0;0;0;0;0;0;0;0;0
0;0;0;0;0;0;0;0;0
0;0;0;0;0;0;0;0;0
0;0;0;0;0;0;0;0;0
0;0;0;0;0;0;0;0;0
0;0;0;0;0;0;0;0;0
0;0;0;0;0;0;0;0;0
0;0;0;0;0;0;0;0;0
0;0;0;0;0;0;0;0;0
0;0;0;0;0;0;0;0;0
0;0;0;0;0;0;0;0;0
0;0;0;0;0;0;0;0;0
0;0;0;0;0;0;0;0;0
0;0;0;0;0;0;0;0;0
0;0;0;0;0;0;0;0;0
0;0;0;0;0;0;0;0;0
0;0;0;0;0;0;0;0;0
0;0;0;0;0;0;0;0;0
0;0;0;0;0;0;0;0;0
0;0;0;0;0;0;0;0;0
0;0;0;0;0;0;0;0;0
0;0;0;0;0;0;0;0;0
0;0;0;0;0;0;0;0;0
0;0;0;0;0;0;0;0;0
0;0;0;0;0;0;0;0;0
0;0;0;0;0;0;0;0;0
0;0;0;0;0;0;0;0;0
0;0;0;0;0;0;0;0;0
0;0;0;0;0;0;0;0;0
0;0;0;0;0;0;0;0;0
0;0;0;0;0;0;0;0;0
0;0;0;0;0;0;0;0;0
0;0;0;0;0;0;0;0;0
0;0;0;0;0;0;0;0;0
0;0;0;0;0;0;0;0;0
0;0;0;0;0;0;0;0;0
0;0;0;0;0;0;0;0;0
0;0;0;0;0;0;0;0;0
0;0;0;0;0;0;0;0;0
0;0;0;0;0;0;0;0;0
0;0;0;0;0;0;0;0;0
0;0;0;0;0;0;0;0;0
0;0;0;0;0;0;0;0;0
0;0;0;0;0;0;0;0;0
0;0;0;0;0;0;0;0;0
0;0;0;0;0;0;0;0;0
0;0;0;0;0;0;0;0;0
0;0;0;0;0;0;0;0;0
0;0;0;0;0;0;0;0;0
0;0;0;0;0;0;0;0;0
0;0;0;0;0;0;0;0;0
0;0;0;0;0;0;0;0;0
0;0;0;0;0;0;0;0;0
0;0;0;0;0;0;0;0;0
0;0;0;0;0;0;0;0;0
0;0;0;0;0;0;0;0;0
0;0;0;0;0;0;0;0;0
0;0;0;0;0;0;0;0;0
0;0;0;0;0;0;0;0;0
0;0;0;0;0;0;0;0;0
0;0;0;0;0;0;0;0;0
0;0;0;0;0;0;0;0;0
0;0;0;0;0;0;0;0;0
0;0;0;0;0;0;0;0;0
0;0;0;0;0;0;0;0;0
0;0;0;0;0;0;0;0;0
0;0;0;0;0;0;0;0;0
0;0;0;0;0;0;0;0;0
0;0;0;0;0;0;0;0;0
0;0;0;0;0;0;0;0;0
0;0;0;0;0;0;0;0;0
0;0;0;0;0;0;0;0;0
0;0;0;0;0;0;0;0;0
0;0;0;0;0;0;0;0;0
0;0;0;0;0;0;0;0;0
0;0;0;0;0;0;0;0;0
0;0;0;0;0;0;0;0;0
0;0;0;0;0;0;0;0;0
0;0;0;0;0;0;0;0;0
0;0;0;0;0;0;0;0;0
0;0;0;0;0;0;0;0;0
0;0;0;0;0;0;0;0;0
0;0;0;0;0;0;0;0;0
0;0;0;0;0;0;0;0;0
0;0;0;0;0;0;0;0;0
0;0;0;0;0;0;0;0;0
0;0;0;0;0;0;0;0;0
0;0;0;0;0;0;0;0;0
0;0;0;0;0;0;0;0;0
0;0;0;0;0;0;0;0;0
0;0;0;0;0;0;0;0;0
0;0;0;0;0;0;0;0;0
0;0;0;0;0;0;0;0;0
0;0;0;0;0;0;0;0;0
0;0;0;0;0;0;0;0;0
0;0;0;0;0;0;0;0;0
0;0;0;0;0;0;0;0;0
0;0;0;0;0;0;0;0;0
0;0;0;0;0;0;0;0;0
0;0;0;0;0;0;0;0;0
0;0;0;0;0;0;0;0;0
0;0;0;0;0;0;0;0;0
0;0;0;0;0;0;0;0;0
0;0;0;0;0;0;0;0;0
0;0;0;0;0;0;0;0;0
0;0;0;0;0;0;0;0;0
0;0;0;0;0;0;0;0;0
0;0;0;0;0;0;0;0;0
0;0;0;0;0;0;0;0;0
0;0;0;0;0;0;0;0;0
0;0;0;0;0;0;0;0;0
0;0;0;0;0;0;0;0;0
0;0;0;0;0;0;0;0;0
0;0;0;0;0;0;0;0;0
0;0;0;0;0;0;0;0;0
0;0;0;0;0;0;0;0;0
0;0;0;0;0;0;0;0;0
0;0;0;0;0;0;0;0;0
0;0;0;0;0;0;0;0;0
0;0;0;0;0;0;0;0;0
0;0;0;0;0;0;0;0;0
0;0;0;0;0;0;0;0;0
0;0;0;0;0;0;0;0;0
0;0;0;0;0;0;0;0;0
0;0;0;0;0;0;0;0;0
0;0;0;0;0;0;0;0;0
0;0;0;0;0;0;0;0;0
0;0;0;0;0;0;0;0;0
0;0;0;0;0;0;0;0;0
0;0;0;0;0;0;0;0;0
0;0;0;0;0;0;0;0;0
0;0;0;0;0;0;0;0;0
0;0;0;0;0;0;0;0;0
0;0;0;0;0;0;0;0;0
0;0;0;0;0;0;0;0;0
0;0;0;0;0;0;0;0;0
0;0;0;0;0;0;0;0;0
0;0;0;0;0;0;0;0;0
0;0;0;0;0;0;0;0;0
0;0;0;0;0;0;0;0;0
0;0;0;0;0;0;0;0;0
0;0;0;0;0;0;0;0;0
0;0;0;0;0;0;0;0;0
0;0;0;0;0;0;0;0;0
0;0;0;0;0;0;0;0;0
0;0;0;0;0;0;0;0;0
0;0;0;0;0;0;0;0;0
0;0;0;0;0;0;0;0;0
0;0;0;0;0;0;0;0;0
0;0;0;0;0;0;0;0;0
0;0;0;0;0;0;0;0;0
0;0;0;0;0;0;0;0;0
0;0;0;0;0;0;0;0;0
0;0;0;0;0;0;0;0;0
0;0;0;0;0;0;0;0;0
0;0;0;0;0;0;0;0;0
0;0;0;0;0;0;0;0;0
0;0;0;0;0;0;0;0;0
0;0;0;0;0;0;0;0;0
0;0;0;0;0;0;0;0;0
0;0;0;0;0;0;0;0;0
0;0;0;0;0;0;0;0;0
0;0;0;0;0;0;0;0;0
0;0;0;0;0;0;0;0;0
0;0;0;0;0;0;0;0;0
0;0;0;0;0;0;0;0;0
0;0;0;0;0;0;0;0;0
0;0;0;0;0;0;0;0;0
0;0;0;0;0;0;0;0;0
0;0;0;0;0;0;0;0;0
0;0;0;0;0;0;0;0;0
0;0;0;0;0;0;0;0;0
0;0;0;0;0;0;0;0;0
0;0;0;0;0;0;0;0;0
0;0;0;0;0;0;0;0;0
0;0;0;0;0;0;0;0;0
0;0;0;0;0;0;0;0;0
0;0;0;0;0;0;0;0;0
0;0;0;0;0;0;0;0;0
0;0;0;0;0;0;0;0;0
0;0;0;0;0;0;0;0;0
0;0;0;0;0;0;0;0;0
0;0;0;0;0;0;0;0;0
0;0;0;0;0;0;0;0;0
0;0;0;0;0;0;0;0;0
0;0;0;0;0;0;0;0;0
0;0;0;0;0;0;0;0;0
0;0;0;0;0;0;0;0;0
